data,perfil,dia,fonte,posicao,titulo,canal,url,duracao,publicado,views,tema
21/02/2026,P1,1,HOME,1,BATEU O DESESPERO - LULA recebe pesquisas internas mostrando Flavio na frente,Gustavo Gayer Deputado Federal,https://youtu.be/9m9cLQuVMV4?si=US-q9PnCfA0fo1xk,05:59,21/02/2026,47000,POLITICA
21/02/2026,P1,1,HOME,2,Suprema Corte dos EUA declara ilegais tarifas globais de TRUMP,SBT News,https://youtu.be/FcRyOFwWW2E?si=rzemdUbgFhRgPt6i,09:44,20/02/2026,29000,POLITICA
21/02/2026,P1,1,HOME,3,Presidente Lula e recebido em cerimonia oficial de de boas-vindas na India,Lula,https://www.youtube.com/live/ezyoGnxTosY?si=sdNJveP-R-zoPquI,11:45,21/02/2026,25000,POLITICA
21/02/2026,P1,1,HOME,4,Ciro Nogueira reage a decisao de Bolsonaro em SC e defende racha de alianca,UOL,https://youtu.be/W1kkDe0SJ3Q?si=dyl62-3LPTTx1iTe,05:35,21/02/2026,8700,POLITICA
21/02/2026,P1,1,HOME,5,"JN: pela primeira vez em 400 anos, integrante do alto escalao da familia real britanica e preso",g1,https://youtu.be/FTva7gu87Xo?si=_8HXGh_AnbUuDBEg,04:17,19/02/2026,189000,POLITICA
21/02/2026,P1,1,HOME,6,Lula se reune com CEO do Google em cupula de AI na India,CNN Brasil,https://youtu.be/ovsN_eNKIZM?si=kyHDiCoG2QidtRuA,03:42,19/02/2026,18000,POLITICA
21/02/2026,P1,1,HOME,7,Trump afirma que vai aumentar 'Tarifa Mundial' de 10% para 15%,Record News,https://youtu.be/SveMK0_Sp2A?si=CEGUnZvFGYwKUWTb,01:24,21/02/2026,6100,POLITICA
21/02/2026,P1,1,HOME,8,Instrutor e aluna morrem apos queda de asa-delta no mar do Rio de Janeiro,CNN Brasil,https://youtu.be/wYgpwmVKmYU?si=vLUdy5FNv88PYm5U,01:01,21/02/2026,5800,POLITICA
21/02/2026,P1,1,HOME,9,LULA FALA EM PRIORIDADE PARA AMPLIAR ACORDOS COMERCIAIS ENTRE MERCOSUL E INDIA,Itatiaia,https://youtu.be/TdfuFlbBUMM?si=pT1ycPOtJ1GiR2XL,13:36,21/02/2026,945,POLITICA
21/02/2026,P1,1,HOME,10,JANJA arrumou BARRACO com a FILHA do LULA no CAMAROTE: CLIMA no CARNAVAL pesou DURANTE DESFILE,ANCAPSU,https://youtu.be/OjBGeLwQkqA?si=RU1ony7gf9q399xP,09:26,20/02/2026,132000,POLITICA
21/02/2026,P1,1,NEXT,1,"JN: na Argentina, deputados aprovam reforma trabalhista proposta pelo governo de Javier Melei",g1,https://youtu.be/nRo3ebw5jYs?si=Yf-6OBdijChrFYQW,02:54,20/02/2026,42000,POLITICA
21/02/2026,P1,1,NEXT,2,Trump anuncia tarifa global de 10% apos decisao da Suprema Corte acabar com tarifaco,SBT News,https://youtu.be/BWUtGlRyFJ0?si=ZHERKL_ISVL-3rGz,05:11,20/02/2026,43000,POLITICA
21/02/2026,P1,1,NEXT,3,"Confira a analise tecnica dos graos, commodities e e dolar - O que Dizem os Graficos",Safras & Mercado,https://youtu.be/7OXgU3B8cTA?si=0hhEK-TPi5YACdrZ,18:56,19/02/2026,60,POLITICA
21/02/2026,P1,1,NEXT,4,IBOVESPA BATE NOVA MAXIMA HISTORICA!,Itatiaia,https://youtu.be/wL4tedtkOmE?si=q0iMx_D6dS9cpb3y,04:34,21/02/2026,181,POLITICA
21/02/2026,P1,1,NEXT,5,"Dolar cai a R$ 5,17, menor valor desde 2024, e Bolsa supera 190 mil pontos",UOL,https://youtu.be/x7KPElByLVI?si=ebj-gVDd3e1CQ2xf,01:33,20/02/2026,7100,POLITICA
21/02/2026,P1,1,NEXT,6,Donal Trump vai liberar arquivos sobre ETs; entenda,Band Jornalismo,https://youtu.be/3I_cFSjTrtw?si=8TPfAMipfZ4hRnW5,01:49,20/02/2026,81000,POLITICA
21/02/2026,P1,1,NEXT,7,JN: bom momento do mercado de trabalho no Brasil nao escondem desigualdades que ainda existem,g1,https://youtu.be/M0dRzW4Tojs?si=P4yFrSUS4sbyfdV6,02:35,20/02/2026,6500,POLITICA
21/02/2026,P1,1,NEXT,8,Trump chama juizes da Suprema Corte dos EUA de 'canalhas' apos a derrubada do tarifaco,g1,https://youtu.be/eiqoRZPPAjI?si=lCH1_gV0g5t9-NI5,02:19,21/02/2026,55000,POLITICA
21/02/2026,P1,1,NEXT,9,"Dolar recua para R$ 5,17 e atinge menor patamar em quase 2 anos apos decisao nos EUA",Jovem Pan News,https://youtu.be/PEK0O8bq-dY?si=FXO9LGxIDJFGX5Y7,03:37,20/02/2026,624,POLITICA
21/02/2026,P1,1,NEXT,10,Trump eleva tarifas para 15% e analise aponta riscos politicos e economicos; entenda,TIMES BRASIL ,https://youtu.be/zrbvW-qvBbI?si=BHffw1FiWtT-VWn2,13:42,21/02/2026,766,POLITICA
21/02/2026,P2,1,HOME,1,10 SEGREDOS DA NEUROCIENCIA para que nada (e ninguem) te afete,Mariana Santos,https://youtu.be/Z_awCa8Ko_M?si=ZuPbOH5hPSW14Xd_,22:43,15/02/2026,83000,FITNESS
21/02/2026,P2,1,HOME,2,10 formas de ser visto como referencia,Carol Iasmim,https://youtu.be/6qQW00leg5I?si=xS3E-f4S1OjX_xNc,28:23,09/02/2026,35000,FITNESS
21/02/2026,P2,1,HOME,3,Treino de POSTERIOR DE COXA  Completo (Baseado na Ciencia),Laercio Refundini,https://youtu.be/I85_HMUQiUk?si=aaHQwC_QVORWEfjD,08:13,04/08/2023,853000,FITNESS
21/02/2026,P2,1,HOME,4,BRACOS DEFINIDOS EM 20 minutos - Treino em casa,Vane Fit,https://youtu.be/FngDojKgkJM?si=0Lg59tQsjjxh4Fxd,03:41,10/02/2026,1200,FITNESS
21/02/2026,P2,1,HOME,5,TREINO DE PERNAS E GLUTEOS INTENSO EM CASA,Wany Santos,https://youtu.be/E_Il7glQfY0?si=txg0R3feIqCRSCjs,20:27,21/02/2026,64,FITNESS
21/02/2026,P2,1,HOME,6,PAOZINHO de GEMAS com 3 INGREDIENTES 7g de Proteina e SEM FARINHA,Voce Magra,https://youtu.be/5KQB0-IVFpU?si=JBeSWSVHcEJv7zOf,07:00,05/01/2026,390000,FITNESS
21/02/2026,P2,1,HOME,7,como ganhar 10 mil reais trabalhando de casa,Ecomka,https://youtu.be/M_XpS8G7FDU?si=diflhcl9JZjNUwgy,15:42,18/02/2026,4200,FITNESS
21/02/2026,P2,1,HOME,8,NUNCA MAIS precise do BULGARO para empinar o gluteo,Tay Training,https://youtu.be/yuhiRo-n9Uo?si=Rm_C51NIw4qcPoLe,09:10,04/11/2025,60000,FITNESS
21/02/2026,P2,1,HOME,9,"Se MEXE C#R#LH0, Va Atras Dos Seus Sonhos",Clovis de Barros,https://youtu.be/qy9Fwsg-L1g?si=ITBhsfQvO5WulUPq,02:45,18/02/2026,256000,FITNESS
21/02/2026,P2,1,HOME,10,"Rotina produtiva (de verdade) as 4 da manha:habitos, treino, dicas",Renata Lima,https://youtu.be/hTnVuaVl_4M?si=rlZYOh0FYVq50EPZ,25:32,02/05/2026,199000,FITNESS
21/02/2026,P2,1,NEXT,1,Bracos secos e definidos com 3 dicas simples,Tay Training,https://youtu.be/01EggU0_guo?si=oE-__OIVThf-RC_n,11:26,27/05/2025,148000,FITNESS
21/02/2026,P2,1,NEXT,2,Pos-Treino para Pernas e Bumbum ,Dayanne Lins,https://youtu.be/I2tA8DiTS2Q?si=D2Hvwr1e_OnD92TX,06:17,12/08/2025,229000,FITNESS
21/02/2026,P2,1,NEXT,3,Quebrar o Ciclo Vicioso da Dor Pode Estar Destruindo Voce (cuidados no autruismo),Augusto Cury - a gesao da emocao,https://youtu.be/YD9p1u5w3jA?si=Ebhb8WnR_e-8jSC7,13:33,20/02/2025,3,FITNESS
21/02/2026,P2,1,NEXT,4,Como Aumentar de Peso de Forma Saudavel,Dayanne Lins,https://youtu.be/TCPpzJMW1a8?si=fKqZBD6i3Z18JYuf,08:04,02/08/2025,328000,FITNESS
21/02/2026,P2,1,NEXT,5,OS 6 MELHORES ABDOMINAIS EM PE PRA PERDER BARRIGA,Treino de mae,https://youtu.be/8bxrT1RbB1A?si=PjuGsk2LvltfV_tD,07:54,30/01/2026,17000,FITNESS
21/02/2026,P2,1,NEXT,6,Vitamina caseira - me ajudou no ganho de massa muscular,Geovana Matos,https://youtu.be/fNPCH2WkUnY?si=gwJjvktlBcz0mGnN,03:15,10/01/2023,19000,FITNESS
21/02/2026,P2,1,NEXT,7,RESULTADO CHOCANTE! Apenas 1 exercicio e VEJA NO ESPELHO!,Canal Esteticando - Monica Marlin,https://youtu.be/KUoWXTXALAU?si=Pv2iNLzORiaV061W,14:20,16/12/2025,106000,FITNESS
21/02/2026,P2,1,NEXT,8,Medicos Estao Falando Mais Sobre Essa Vitamina e Circulacao,Dra Rosana Lahr,https://youtu.be/ehJIwZ_706A?si=cp1_PWyNkdnkCrZr,17:06,05/02/2026,132000,FITNESS
21/02/2026,P2,1,NEXT,9,Como fazer o AFUNDO - O exercicio que da mais resultado,Tay Training,https://youtu.be/-oIl0YJGf9c?si=s9ToR6TUCkfG8LCD,09:28,17/01/2022,1300000,FITNESS
21/02/2026,P2,1,NEXT,10,Uma semente com 10 vezes mais colageno que caldo de ossos?,Dr. Mario Tenorio,https://youtu.be/TiEpLpTwV_Q?si=T7oi8M3FL88vjtrv,11:08,20/01/2026,173000,FITNESS
21/02/2026,P3,1,HOME,1,MELHORIAS!! ATUALIZAÇÃO para TELA DE BLOQUEIO com APLICATIVO SAMSUMG,Atualizando Galaxy e Usando Galaxy,https://youtu.be/_z_Z1afQu18?si=XBANfJmDxQ9R6LEU,04:21,21/02/2026,523,TECNOLOGIA
21/02/2026,P3,1,HOME,2,A VERDADE SOBRE COMPRAR ELETRONICOS NA CHINA,Geisel Taveira,https://youtu.be/m3mAu2_Uec0?si=oVbrrkZObT6aDV7q,23:06,27/11/2025,496000,TECNOLOGIA
21/02/2026,P3,1,HOME,3,OS MELHORES CELULARES PARA JOGOS ATE R$ 1000 REAIS,TechLany,https://youtu.be/nK8VFHz7_WE?si=aGzswy2a1VXyztvG,07:30,19/02/2026,2300,TECNOLOGIA
21/02/2026,P3,1,HOME,4,Hack do WePlay 2026,tripodoskumrator,https://youtu.be/K0AoK7nLTkI?si=CVP970o_1q-eY56-,00:56,09/02/2026,1600,TECNOLOGIA
21/02/2026,P3,1,HOME,5,WhatsApp 2026 - Ganhou um NOVO LAYOUT MODERNO,ODORIZZI,https://youtu.be/Qn2J-indbKo?si=LMUdMYZT9L6aZfmw,04:26,18/02/2026,2500,TECNOLOGIA
21/02/2026,P3,1,HOME,6,Trump ordena divulgacao de arquivos sobre vida alienigena,Jovem Pan News,https://youtu.be/K0Trh8x24ko?si=2Y27JEMUnf8uC8l-,04:21,20/02/2026,291000,TECNOLOGIA
21/02/2026,P3,1,HOME,7,[ATUALIZADO 2026] COMO AUMENTAR O LIMITE DO NUBANK?,Gemeos Investem,https://youtu.be/o7aMU4lGCFs?si=63p3MFhSmAIfQCWq,16:07,18/02/2026,62000,TECNOLOGIA
21/02/2026,P3,1,HOME,8,Comprei o Galaxy A36 5G: O intermediario quase PREMIUM da Samsung!,Ed Gouvea | Tech,https://youtu.be/hggh7EH6RVM?si=8OdPsB11S2qghj2t,07:28,17/02/2026,1100,TECNOLOGIA
21/02/2026,P3,1,HOME,9,MEU MATERIAL ESCOLAR,Jennifer Martins,https://youtu.be/hfmDnYwZxw0?si=0o8ToKcKUnD3vPvn,08:14,08/02/2026,385,TECNOLOGIA
21/02/2026,P3,1,HOME,10,pobress com iphone novo 17 de 20k,Gustavo Lazaro,https://youtu.be/w81ncpS873k?si=PTpHkmu9C5z8xVDs,32:41,25/09/2025,612000,TECNOLOGIA
21/02/2026,P3,1,NEXT,1,Impressionante DOCK estilo Liquid Glass,EMDtech,https://youtu.be/GD-cRYp_dvc?si=O_N68RVKxigk_W5O,04:51,21/02/2026,1400,TECNOLOGIA
21/02/2026,P3,1,NEXT,2,5 CELULARES PARA JOGOS ATE R$ 1400 REAIS,Tech Lany,https://youtu.be/M-gl2sQmAoY?si=6CQt4hk1aw-YCATl,07:28,21/02/2026,158,TECNOLOGIA
21/02/2026,P3,1,NEXT,3,Top 5 Best Handheld Game Console 2026 on AliExpress,Gobi Lany,https://youtu.be/KZ-LL1YJSPg?si=IGtloQ_Mrx1k2J6g,04:40,21/02/2026,22,TECNOLOGIA
21/02/2026,P3,1,NEXT,4,WhastApp 2026 - Ganhou um NOVO LAYOUT MODERNO,ODORIZZI,https://youtu.be/Qn2J-indbKo?si=0Be1wgZDKsqZecE3,04:26,18/02/2026,2500,TECNOLOGIA
21/02/2026,P3,1,NEXT,5,Os melhores CELULARES de 2026,Lupa no Produto,https://youtu.be/MEFb3TbWYzA?si=VsE9S1Xq4XXaekes,05:49,11/02/2026,201,TECNOLOGIA
21/02/2026,P3,1,NEXT,6,TOP 3 CELULAR ATE R$800 BOM E BARATO! (2026),Katec,https://youtu.be/SgPGI0yXmec?si=lXsRcUi83O0XVoZK,02:02,09/02/2026,99,TECNOLOGIA
21/02/2026,P3,1,NEXT,7,5 MOTIVOS para COMPRAR o iPhone 16E em 2026,TECNODIA,https://youtu.be/0zudMX1-OCI?si=L1qh8QqDKjcv9SqV,06:03,18/02/2026,1000,TECNOLOGIA
21/02/2026,P3,1,NEXT,8,CHEGOU OUTRA! ATUALIZACAO do SERVICO GOOGLE PLAY para GALAXY,Atualizando Galaxy,https://youtu.be/iIE5aLGNp2E?si=b1pN-ruWF5zd0XRr,03:10,20/02/2026,1400,TECNOLOGIA
21/02/2026,P3,1,NEXT,9,VALE A PENA comprar o iPhone XR em 2026?,Manual Da Compra,https://youtu.be/X3zVeX5zHGg?si=fLiBZa2Q-pigJUZR,08:41,16/02/2026,4500,TECNOLOGIA
21/02/2026,P3,1,NEXT,10,1 ANO com o Galaxy S25 Ultra,Geek Loko,https://youtu.be/AqObk4q9MKk?si=m7S8Zs3lJTpM7hUi,22:24,17/02/2026,5100,TECNOLOGIA
21/02/2026,P4,1,HOME,1,"JN: pela primeira vez em 400 anos, integrante do alto escalao da familia real britanica e preso",g1,https://youtu.be/FTva7gu87Xo?si=I3yYU5w2GVGG4iCI,04:17,19/02/2026,202000,NEUTRO
21/02/2026,P4,1,HOME,2,Um SIMPLES HABITO que melhora 106% a saude da sua boca,Dra. Yasmin | Dentista,https://youtu.be/s3GJVS33daA?si=LeCsOomXbAturuTH,11:50,01/01/2026,454000,NEUTRO
21/02/2026,P4,1,HOME,3,Trump ordena divulgacao de arquivos sobre vida alienigena,Jovem Pan News,https://youtu.be/K0Trh8x24ko?si=jYjxJw2YQ0WXM-0R,04:21,20/02/2026,297000,NEUTRO
21/02/2026,P4,1,HOME,4,OS 5 CELULARES PEGA DEMENTE DA XIAOMI 2026,Top Hard,https://youtu.be/fAafxzcL0PQ?si=zlEn51m1dfS4auai,08:24,19/02/2026,1100,NEUTRO
21/02/2026,P4,1,HOME,5,O SEGREDO para perder a PANCINHA explicado por um macaco,Primata Fitness,https://youtu.be/R0hlRxGl9pg?si=RQTt3JjFmeR-C5US,06:42,14/10/2025,622000,NEUTRO
21/02/2026,P4,1,HOME,6,Especialistas recomendam desligar o Wi-Fi do celular ao sair de casa por segurança,O POVO,https://youtu.be/QdQkTZvckqI?si=RV1Yf4jVl5fdmBHI,02:40,14/02/2026,261000,NEUTRO
21/02/2026,P4,1,HOME,7,Musculacao Sozinha: Voce So Precisa de 4 Exercicios,Bia Galleti,https://youtu.be/7SEQ3j5TwHg?si=qFvruoaLfdXwPC8e,13:48,28/05/2025,332000,NEUTRO
21/02/2026,P4,1,HOME,8,EUA enviam maior porta-avioes do mundo,TIMES BRASIL ,https://youtu.be/7ni0VI4w9VM?si=Wz1EBhO0X2ZzqlEi,05:07,21/02/2026,535,NEUTRO
21/02/2026,P4,1,HOME,9,"Entrevista com Bruno e Dra. Tatiana, a cientista que fez tetraplegico andar",The Noite com Danilo Gentili,https://youtu.be/uldpfTxQSto?si=3BmJNJf7x2XQdFdb,39:24,02/10/2026,2600000,NEUTRO
21/02/2026,P4,1,HOME,10,Noticias da Samsung: Nova Bixby chegou na One UI,Ver Tech,https://youtu.be/442s8RkjiGM?si=ZKopTd8ZxPOwNLQ2,05:58,21/02/2026,160,NEUTRO
21/02/2026,P4,1,NEXT,1,CHEGA DE SUJEIRA,Ana Zambrin,https://youtu.be/sOH7Ub6biBg?si=p-2yJlScuGxjYWeC,14:05,09/07/2023,3300000,NEUTRO
21/02/2026,P4,1,NEXT,2,S25 Ultra HUMILHA o,Escolha Certa,https://youtu.be/ivL76gC9p-I?si=Wyol4eLt-Wf0ZZH9,15:39,25/01/2026,133000,NEUTRO
21/02/2026,P4,1,NEXT,3,Sie haben noch nie ,Essen Recipes,https://youtu.be/cm8JhrALS10?si=SumaZiZI9dp4jTf7,04:08,22/10/2021,5300000,NEUTRO
21/02/2026,P4,1,NEXT,4,Frango BBQ Pra Semana Em Menos de 40 Minutos,Dr. Henrique Monteiro,https://youtu.be/qhNRIoARye0?si=IXfZvdLxB2gduNPx,03:23,29/07/2025,490000,NEUTRO
21/02/2026,P4,1,NEXT,5,COMO FAZER ARROZ,Claudia Oliveira Receitas,https://youtu.be/K8WR30UMH4E?si=qV1myUS0HxHx73Nw,03:31,02/02/2026,22000,NEUTRO
21/02/2026,P4,1,NEXT,6,NAO FACA BATATA,Nandu Andrade,https://youtu.be/0Eem9EenicM?si=uQEpnWmEj_5-oUGR,05:36,28/05/2020,6200000,NEUTRO
21/02/2026,P4,1,NEXT,7,Frango japones em,Receitas do Kazu,https://youtu.be/xtVp6riyDaY?si=G8AVOtWCUz15ooRl,04:35,05/02/2026,53000,NEUTRO
21/02/2026,P4,1,NEXT,8,CARNE DE PANELA,Van Oliveira,https://youtu.be/u4LGC2b9nvo?si=S8C6L7GHhOT3IAUr,06:49,07/02/2024,3100000,NEUTRO
21/02/2026,P4,1,NEXT,9,DEPOIS QUE FIZ FRANGO,top cozinha,https://youtu.be/bNoAfSLIMRw?si=4IljnPcrp0mGQdXv,04:01,08/10/2020,2200000,NEUTRO
21/02/2026,P4,1,NEXT,10,File de frango facil no,Ana Zambrin,https://youtu.be/flEuQrmJjXs?si=9UyJLpqFxOmdFTzo,15:09,15/04/2024,1700000,NEUTRO
22/02/2026,P1,2,HOME,1,Brasil e India fecham acordo sobre minerais criticos e terras,SBT News,https://youtu.be/7dGzLB8tMDM?si=xNtLUUU882TC9Cw7,7:15,22/02/2026,1300,POLITICA
22/02/2026,P1,2,HOME,2,Servico secreto dos EUA mata a tiros homem que invadiu resort de Trump em Mar-a-Lago,TIMES BRASIL ,https://youtu.be/xHLjRr_x8tk?si=h8VwWKj2K1zYgCB8,6:51,22/02/2026,1000,POLITICA
22/02/2026,P1,2,HOME,3,Chefe do cartel de Jalisco morre apos operacao militar no Mexico,CNN Brasil,https://youtu.be/2gUYLRknYJg?si=5MnLIIODX4NRAMMn,3:40,22/02/2026,1700,POLITICA
22/02/2026,P1,2,HOME,4,Parque Nacional de Brasilia fecha piscinas da Agua Mineral apos fortes chuvas,Record Brasilia,https://youtu.be/2XSuHrt9hb8?si=EyE5EqjlVQLFd49I,2:55,21/02/2026,1000,POLITICA
22/02/2026,P1,2,HOME,5,A economia nos 3 anos do governo Lula,Investidor Sardinha | Raul Sena,https://youtu.be/NrR7G2FDHVA?si=nRcRHNelIqZkXPWY,18:10,20/02/2026,168000,POLITICA
22/02/2026,P1,2,HOME,6,Guanipa recebe anistia e pede por 'Democracia' e 'liberdade' na Vanezuela,AFP Portugues,https://youtu.be/NFPBbifFDoM?si=2nwrcP5pLWGA6sSk,2:55,20/02/2026,3800,POLITICA
22/02/2026,P1,2,HOME,7,"Lula e recebido com flores em hotel em seul, na Coreia do Sul",Poder360,https://youtu.be/ZRAsCAyeuZA?si=UVX3nCfhv9Op0iab,0:43,22/02/2026,1300,POLITICA
22/02/2026,P1,2,HOME,8,Brasil sera maior beneficiado com novas tarifas de Trump,Metropoles,https://youtu.be/JP_L-MTTzxU?si=IYzB7UPqPzAM09wH,1:27,22/02/2026,2100,POLITICA
22/02/2026,P1,2,HOME,9,Lula afirma que Modi o surpreendeu com jingle da campanha,Poder360,https://youtu.be/ptS7qyynoWw?si=NpS0i6iBj5kA6IQy,2:24,22/02/2026,29000,POLITICA
22/02/2026,P1,2,HOME,10,Saiba quem sao as vitimas do acidente com lancha na divisa entre SP e MG,O POVO,https://youtu.be/Rk9Utl4iCRc?si=3Zwbd61GGw9poZS5,1:45,22/02/2026,19332,POLITICA
22/02/2026,P1,2,NEXT,1,"Lula diz que levara Receita, PF e Justica para",Poder360,https://youtu.be/DcehQYINSp0?si=LJsdH42Eodqwz7iN,4:00,22/02/2026,34000,POLITICA
22/02/2026,P1,2,NEXT,2,"Lula diz estar ""aliviado"" por nao ter tido pressa nas negociacoes",CNN Brasil,https://youtu.be/ZjSihWv9sNA?si=69hRaIi8iKCKAAEx,5:01,22/02/2026,5100,POLITICA
22/02/2026,P1,2,NEXT,3,"Na India, Lula fala em 'dominacao' de empresas de",Terra Brasil,https://youtu.be/79HSSHOFt-8?si=ZM_d1XsdC6RT_ebO,1:30,19/02/2026,2200,POLITICA
22/02/2026,P1,2,NEXT,4,"Nao queremos nova Guerra Fria', diz Lula apos Trump ",Terra Brasil,https://youtu.be/O8tCyr_vCdo?si=3rZnDwyn14eK3jPP,4:12,22/02/2026,7100,POLITICA
22/02/2026,P1,2,NEXT,5,Viana destaca capa de jornal patrocinada pela Vale na India,Poder360,https://youtu.be/t3K10fdyR1U?si=NlUUJ0ng00WI5XIx,8:18,22/02/2026,30,POLITICA
22/02/2026,P1,2,NEXT,6,Brasil sera maior beneficiado com as novas tarifas de Trump,Metropoles,https://youtu.be/JP_L-MTTzxU?si=orlOQBOy2JrF-kJd,1:27,22/02/2026,284,POLITICA
22/02/2026,P1,2,NEXT,7,Investimentos em ferrovias devem somar 140 bilhoes,Jornalismo TV Cultura,https://youtu.be/fpD7as-_PT4?si=C3NAOjBw_B3zU666,3:24,21/02/2026,5800,POLITICA
22/02/2026,P1,2,NEXT,8,"Alckmin reage a decisao de Trump: ""Tarifa global e benefica",Jovem Pan News,https://youtu.be/QniUP49PZwM?si=1xpJMCr-JSl6NLDG,4:16,22/02/2026,1200,POLITICA
22/02/2026,P1,2,NEXT,9,LULA CELEBRA QUEDA DE TARIFAS NA SUPREMA CORTE,Itatiaia,https://youtu.be/DOZ3uFlElSA?si=3n2EFqIXujIkvZt_,6:16,22/02/2026,3900,POLITICA
22/02/2026,P1,2,NEXT,10,Lula afirma que Modi o surpreendeu com jingle da campanha,Poder360,https://youtu.be/ptS7qyynoWw?si=NGoVrb85bfdRYjzq,2:24,22/02/2026,19000,POLITICA
22/02/2026,P2,2,HOME,1,MOBILIDADE DE gluteo,Isa Abrahao,https://youtu.be/3JWn5qcY6iY?si=Bc2uk5GbVkmRFULl,9:06,25/07/2025,52000,FITNESS
22/02/2026,P2,2,HOME,2,2026 vai criar novos canais de milionarios,Guria de Negocios,https://youtu.be/_iO2_s8fSVs?si=3B8gd3qSyXo2IwEP,11:22,18/02/2026,4200,FITNESS
22/02/2026,P2,2,HOME,3,ENGORDEI 8KG com ESSA VITAMINA!,Dayanne Lins,https://youtu.be/45_9i0c3mCw?si=b9lzCsFklF65M3ol,5:25,20/02/2026,2700,FITNESS
22/02/2026,P2,2,HOME,4,Qual e o Exercicio Mais Eficaz para acabar com Bracos Moles?,Mulher em Forma,https://youtu.be/lQm1RnxiNwo?si=FgKgTCdXS8Df6YWQ,6:47,15/07/2025,124000,FITNESS
22/02/2026,P2,2,HOME,5,Misture OVO CRU e LIMAO,Dayanne Lins,https://youtu.be/WWwbvXfOrFo?si=uT1Loep4z6RdZJzD,9:18,03/08/2024,2900000,FITNESS
22/02/2026,P2,2,HOME,6,PARE DE FAZER ESSES EXERCICIOS INUTEIS AGORA,Tay Training,https://youtu.be/dSMXteLdZ80?si=JxDGY2-V6uUQREMH,7:31,21/06/2022,1100000,FITNESS
22/02/2026,P2,2,HOME,7,FLACIDEZ DO INTERNO DE COXA NUNCA MAIS!,Dra Liliane Aranda,https://youtu.be/raYPNd9VZ5A?si=f_u-3XISt7YhihEP,4:18,19/02/2026,3100,FITNESS
22/02/2026,P2,2,HOME,8,A Habilidade que vai mudar a sua vida,Coco Cunha,https://youtu.be/t6KiRdMAE_U?si=FlUz77aMbkR39iOf,10:13,16/09/2025,254000,FITNESS
22/02/2026,P2,2,HOME,9,5 DECISOES PRA TER DINHEIRO E INDEPENDENCIA FINANCEIRA,Guria de Negocios,https://youtu.be/fk81ylS5vBY?si=YvZsEFR5inxMcd9j,23:13,23/01/2026,31000,FITNESS
22/02/2026,P2,2,HOME,10,Como nunca mais se afetar pela opiniao de ninguem,Camila Grecco,https://youtu.be/XpPta0VCX4M?si=fbVpitHIGAng93_v,17:15,18/02/2026,2600,FITNESS
22/02/2026,P2,2,NEXT,1,GORDURA NAS COSTAS? Treino pra TONIFICAR,Vane Fit,https://youtu.be/33u3Ttoc2qo?si=k1SHsPNt2o2B1GBw,3:16,18/02/2026,1000,FITNESS
22/02/2026,P2,2,NEXT,2,SUCO DE MILHO CREMOSO DE VERDADE,Habilidades Culinarias,https://youtu.be/U2iB9UStKoM?si=ZH7lfEM54hlXLv1t,6:57,03/02/2026,46000,FITNESS
22/02/2026,P2,2,NEXT,3,Cafe sem Acucar aos 60+,Dra. Elisa Martins,https://youtu.be/GZSJCuxWJBA?si=DigOtaoGxOwKyRR2,6:20,22/02/2026,3,FITNESS
22/02/2026,P2,2,NEXT,4,Treino PESADO para CRESCER,Tay Training,https://youtu.be/ZrHMKIGWBf8?si=eMuwEJ7lWizfCQiC,8:42,26/01/2026,64000,FITNESS
22/02/2026,P2,2,NEXT,5,Basta 1 copo por dia,Dayanne Lins,https://youtu.be/EOgW0NLhmoI?si=TMCMkciyVZacTVAc,5:58,17/02/2026,1800,FITNESS
22/02/2026,P2,2,NEXT,6,O Que Acontece Se Voce Fizer Prancha de 2 Minutos Todos os dias,"Treino, Simples.",https://youtu.be/p4v5Kkr8UOA?si=V_0DlctL9UgNzYUT,3:43,05/02/2026,12000,FITNESS
22/02/2026,P2,2,NEXT,7,TREINO COMPLETO ,Leiner Alves,https://youtu.be/Xe7i33ImuWc?si=KGIXdwbF33B51SXr,4:09,21/03/2025,461,FITNESS
22/02/2026,P2,2,NEXT,8,Voce NUNCA comeu TOMATE ASSIM,Dayanne Lins,https://youtu.be/5X5ANCOqwi4?si=E_9R73hg288VTXg2,8:20,12/05/2025,37000,FITNESS
22/02/2026,P2,2,NEXT,9,CAFE DA MANHA PERFEITO!,Nutricionista Patricia Leite,https://youtu.be/NkdTJpY6MyY?si=LEt0sGdUZIyg4qvG,9:41,20/10/2024,334000,FITNESS
22/02/2026,P2,2,NEXT,10,ALONGAMENTO ANTES DO TREINO,Philipe PersoNutri - Treino em casa,https://youtu.be/-zsEl_fPNec?si=6xjxXQ2CHbpZKDca,10:02,09/09/2024,43000,FITNESS
22/02/2026,P3,2,HOME,1,VLOG #8: COMPREI UM MACBOOK PRO M4 MAX E IPHONE 17 NO PARAGUAI,Gustavo Nigre,https://youtu.be/pqE6lGMAymo?si=-3Hn3jHcMJvI3eko,33:16,13/01/2026,197000,TECNOLOGIA
22/02/2026,P3,2,HOME,2,Montei um SETUP BARATO com NOTEBOOK em 2026,Lipe Mal Estar,https://youtu.be/MFHqgoM0nRc?si=6zSvgMwgYFqvlJyu,15:03,28/01/2026,29000,TECNOLOGIA
22/02/2026,P3,2,HOME,3,MELHORES Celulares BOM e BARATO em 2026!,Intec,https://youtu.be/yhWDcUPsp_U?si=ORFfFi7_pVa0PbQC,17:02,09/02/2026,6400,TECNOLOGIA
22/02/2026,P3,2,HOME,4,CHEGOU! GALAXY S25 FE UNBOXING,Rafael Pacheco,https://youtu.be/zinvhMIdOxc?si=rTnOKpB5zhE5ORoA,10:27,18/02/2026,13000,TECNOLOGIA
22/02/2026,P3,2,HOME,5,INSTALANDO A NOVA ONE UI 8.0,Young rock Tech,https://youtu.be/VchOGNCjcos?si=5k9VnfvYMqy8T_C9,12:37,19/02/2026,8800,TECNOLOGIA
22/02/2026,P3,2,HOME,6,MAC MINI M4: Como tem sido a experiencia se sair de vez do Windows?,Miler Rangel,https://youtu.be/hIxSYWA0nqU?si=OT7_W6KbqeOXRWts,8:26,28/12/2025,23000,TECNOLOGIA
22/02/2026,P3,2,HOME,7,"Comprei o TAL NOTEBOOK de R$428,35 da SHOPEE",EscolhaSegura,https://youtu.be/P2WwtzKim-w?si=XHnS5rRytnQRtYiW,12:13,19/11/2025,88000,TECNOLOGIA
22/02/2026,P3,2,HOME,8,REDMI NOTE 14 vs REDMI NOTE 15 qual comprar?,Andre Felipe,https://youtu.be/DPrNjCF6g0k?si=ujYJ-sodaiKz8jq_,17:43,10/02/2026,1300,TECNOLOGIA
22/02/2026,P3,2,HOME,9,MOTOROLE SIGNATURE VC GALAXY S25 ULTRA,Marcus Tech,https://youtu.be/ZzbsniQmTIk?si=fWg8tSoYZAIy4gxC,34:37,22/02/2026,5200,TECNOLOGIA
22/02/2026,P3,2,HOME,10,IPHONE 13 - TESTANDO JOGOS PESADOS EM 2026,Ei Rob,https://youtu.be/4qBhNawkbrQ?si=4v6HQlGX9ZAILK87,13:23,10/02/2026,13000,TECNOLOGIA
22/02/2026,P3,2,NEXT,1,INSTALANDO A NOVA ONE UI 8.0,Young Rock Tech,https://youtu.be/BNMKz83QPtM?si=BTOI_QolGVCYA-8T,10:32,21/02/2026,4600,TECNOLOGIA
22/02/2026,P3,2,NEXT,2,Realme C85,CanalJMS,https://youtu.be/eBccKSHrmhI?si=6NFgh2kzRv-Vpe9E,14:53,21/02/2026,4300,TECNOLOGIA
22/02/2026,P3,2,NEXT,3,Ryzen 7 7735HS vence o i5-13420H,Lawx,https://youtu.be/r2D1PRAGfjw?si=JMl453tgTem-6OJf,8:48,22/02/2026,1700,TECNOLOGIA
22/02/2026,P3,2,NEXT,4,COMPREI UM IPHONE 16 PRO MAX NA SHOPEE,Rodrigo Moreira,https://youtu.be/kYDD-mOc48A?si=8fHpa-sCaPxVhhwB,14:26,20/02/2026,32000,TECNOLOGIA
22/02/2026,P3,2,NEXT,5,ESSE NOTEBOOK E UM MONSTRO,Lucas Ishii,https://youtu.be/sRlpjac0WSE?si=FyxlcXbO3nVGI09X,50:50,19/02/2026,36000,TECNOLOGIA
22/02/2026,P3,2,NEXT,6,Galaxy A56 e o MELHOR smartphone pra comprar ate,Matheus Kise,https://youtu.be/UY93FvkRfUk?si=xzQOz2D-vTLbCFeY,5:47,19/02/2026,2500,TECNOLOGIA
22/02/2026,P3,2,NEXT,7,IPHONE 16e se TORNOU o CELULAR APPLE com MELHOR,EscolhaSegura,https://youtu.be/LaoRPXRL7sg?si=2NhDOAaA8iMsms0a,13:09,10/02/2026,19000,TECNOLOGIA
22/02/2026,P3,2,NEXT,8,NOVO REALME C85: TUDO QUE VOCE PRECISA SABER,Realme Store BR,https://youtu.be/JFCIqLGsy9I?si=ljjSda7bxhByL7R8,8:46,18/02/2026,4400,TECNOLOGIA
22/02/2026,P3,2,NEXT,9,Nao compre um iPhone 17 antes de ver esse video,Ricardo Perialdo,https://youtu.be/Zx5T9Qpm2Bc?si=UpmGMFCHgdrI7PZ5,27:17,20/12/2025,36000,TECNOLOGIA
22/02/2026,P3,2,NEXT,10,Meu Ecossistema Samsung barato,Guilherme Franca,https://youtu.be/5dgaFoyjefE?si=EbEgVAbkY0YblE96,22:39,16/10/2025,35000,TECNOLOGIA
22/02/2026,P4,2,HOME,1,Adolescente e sequestrada e torturada apos gesto em foto no RS,SBT News,https://youtu.be/pp0dCjClwYA?si=btJqsoAd7eBTLfXj,2:32,21/02/2026,14000,NEUTRO
22/02/2026,P4,2,HOME,2,Como os doces brasileiros ficam tao... doces,BBC News Brasil,https://youtu.be/tl-Pu3lFh7Q?si=IcUWpLsAU4h9od-t,11:00,12/08/2025,755000,NEUTRO
22/02/2026,P4,2,HOME,3,Entenda como palavras provocam diferentes impactos,Band Jornalismo,https://youtu.be/2G02hH4gL10?si=GFqwQE4uYBTJVJ7W,2:29,06/02/2026,98000,NEUTRO
22/02/2026,P4,2,HOME,4,baixou! iPhone 16 vale a pena em 2026? 10 MES DE USO! ME ARREPENDI?,Tuk,https://youtu.be/KUDRzUXCW8Y?si=NQizO0gxnloCLgIn,10:29,22/02/2026,3700,NEUTRO
22/02/2026,P4,2,HOME,5,12 Laptop Mistakes That Are Killing Your Computer,Albert Annan,https://youtu.be/cZ2hhXO_zps?si=oa1vv3Q2FgydIyR1,6:48,22/11/2025,230000,NEUTRO
22/02/2026,P4,2,HOME,6,JH: 2026 promete ser um ano bom para quem busca vagas no servico publico,g1,https://youtu.be/dy5iryNp-3k?si=R41bRmTekIW7lNns,4:14,19/02/2026,51000,NEUTRO
22/02/2026,P4,2,HOME,7,Como acordar CEDO e ter ENERGIA o DIA TODO (mesmo dormindo pouco),Ben Facin,https://youtu.be/aM127MqsErU?si=AIq4m-WB0EwH_Y6V,6:02,02/12/2025,607000,NEUTRO
22/02/2026,P4,2,HOME,8,Pesquisa associa consumo de refrigerante a doencas graves,Jornal da Record,https://youtu.be/Cr-mh2gkuQ4?si=FRCweHoM6V1G0Pcp,2:47,07/09/2019,1000000,NEUTRO
22/02/2026,P4,2,HOME,9,Qual esporte emagrece mais? Testei 15 para descobrir,Kiny,https://youtu.be/KjGAqYkPf98?si=7H2HPRhWgHXmJHFu,31:37,11/02/2026,46000,NEUTRO
22/02/2026,P4,2,HOME,10,COMER SAUDAVEL SEM GASTAR MUITO,Flow Podcast,https://youtu.be/qrpaNLKl2RI?si=T8YrBXfiNldn0mzw,17:38,29/09/2025,789000,NEUTRO
22/02/2026,P4,2,NEXT,1,COMO FAZER OMELETE FACIL E RAPIDA | Nandu Andrade,Nandu Andrade,https://youtu.be/gY4YpCyxV4Q?si=WlguHJfXvZNEwXas,4:01,29/05/2021,4600000,NEUTRO
22/02/2026,P4,2,NEXT,2,"Como faco o meu Feijao com Caldinho grosso , simples mas muito saboroso",Cozinha da Li Oliveira,https://youtu.be/WJa8BHQUB4w?si=3BtlTzhsP-fYez0U,5:45,21/07/2020,1200000,NEUTRO
22/02/2026,P4,2,NEXT,3,"Da proxima vez, experimente esta deliciosa receita de batata e carne picada!",Receitas da Vo Bita,https://youtu.be/t_w2xd4Gn7A?si=pf12ycgjA9-zyGfC,3:05,27/07/2023,838,NEUTRO
22/02/2026,P4,2,NEXT,4,Como Fazer Frango a Passarinho ao Molho – Receita de Dar Agua na Boca,Receita facil,https://youtu.be/k-_Hp5_p-m4?si=5ltM5OyI8RjQsNjr,6:09,26/09/2025,17000,NEUTRO
22/02/2026,P4,2,NEXT,5,Voce Esta Cometendo esses Erros ao Fazer Arroz e Nao Sabe!,Eu Nao Sou Chef,https://youtu.be/VrKjFYtbJ38?si=yM5zIBmxnofBWk2v,5:57,02/01/2025,4600000,NEUTRO
22/02/2026,P4,2,NEXT,6,"A melhor carne moida que ja comi, segredo de um restaurante famoso!",top cozinha,https://youtu.be/HFiQxM1I_bE?si=8ZNluwH7LoS-BzI4,4:16,29/10/2024,1400000,NEUTRO
22/02/2026,P4,2,NEXT,7,MISTURE SARDINHA COM FLOCAO / VOCE VAI QUERER ESSA RECEITA TODO DIA!,Receitas Faceis e Rapidas,https://youtu.be/CKZVHVQZskA?si=_CB9MyOceOego0w8,3:20,29/08/2025,289000,NEUTRO
22/02/2026,P4,2,NEXT,8,COMO FAZER FEIJAO SIMPLES E FACIL | Nandu Andrade,Nandu Andrade,https://youtu.be/nzWrXTKLWK8?si=rc1WALG7NL7C6kZ9,5:43,02/06/2023,349000,NEUTRO
22/02/2026,P4,2,NEXT,9,Quando faco sobremesa de bananas nao sobra nada!,Receitas da Vo Bita,https://youtu.be/x7Gf3n4KrnU?si=N1dFBvpn6WUE7VS-,5:15,20/04/2025,1300000,NEUTRO
22/02/2026,P4,2,NEXT,10,PEIXE ASSIM NAO SOBRA NADA | SEXTA-FEIRA SANTA,RECEITAS DO FABRICIO,https://youtu.be/_J8AWh3Qk-w?si=A51wlbU4Ty7bQFDZ,5:03,05/02/2026,36000,NEUTRO
23/02/2026,P1,3,HOME,1,Haddad entregara estudos sobre tarifa zero em ate abril,CNN Brasil,https://youtu.be/YxV2t9b3NEM?si=LFoSKBOJbWA-IQiU,03:50,23/02/2026,13,POLITICA
23/02/2026,P1,3,HOME,2,Video de Michelle fritando bananas movimenta em meio a crise com Eduardo,SBT News,https://youtu.be/7XQDs4rQ360?si=OU3cwqwpeZfB3Yuw,07:35,23/02/2026,1800,POLITICA
23/02/2026,P1,3,HOME,3,Governo Lula e Hogo Motta atuam para acelerar fim da escala 6x1,UOL,https://youtu.be/_4aAPyFTP_U?si=tdOom79fz4vQysYG,12:18,23/02/2026,4100,POLITICA
23/02/2026,P1,3,HOME,4,Brasil e Coreia do Sul assinam acordos sobre cooperacao em minerais ,g1,https://youtu.be/1wSOFB-pyvw?si=SWFtA_0JK71Gw80N,02:32,23/02/2026,5400,POLITICA
23/02/2026,P1,3,HOME,5,Morte de dono de cartel causa caos no Mexico,Brasil Urgente,https://youtu.be/RqWse0fmn2k?si=2Ir8uPjpSVvan8fy,01:22,23/02/2026,3400,POLITICA
23/02/2026,P1,3,HOME,6,"Pais que fizer ""joguinhos"" tera taxas mais altas, diz Donald Trump",CNN Brasil,https://youtu.be/EzyNmNIeT1w?si=2Nh8HRPVp4eBNeKE,00:50,23/02/2026,1600,POLITICA
23/02/2026,P1,3,HOME,7,Lula busca investimentos bilionarios em visita oficial a Coreia do Sul,Jornal da Record,https://youtu.be/WmflC4c2Sdc?si=Gy1AE-YC3EyfzmvO,00:28,23/02/2026,459,POLITICA
23/02/2026,P1,3,HOME,8,Rebanho bovino dos EUA cai ao menor nivel em 75 anos,Record News,https://youtu.be/R9p0zmM7QPQ?si=5lEsA5T34xph9DOy,15:59,21/03/2026,967,POLITICA
23/02/2026,P1,3,HOME,9,TENSAO DIPLOMATICA? Uniao Europeia congela acordo com os EUA,Jovem Pan - 3 em 1,https://youtu.be/_G_q2g7UNN8?si=qkLKgmElRZ85s3VV,08:33,23/02/2026,1000,POLITICA
23/02/2026,P1,3,HOME,10,Mexico: Panico toma conta de aeroporto apos morte de El Mencho,CNN Brasil,https://youtu.be/7dNtkJ4csfE?si=tuNbcCqKZ2Mgyl2E,00:43,23/02/2026,18000,POLITICA
23/02/2026,P1,3,NEXT,1,Boulos sobre eleicoes 2026,Jovem Pan - 3 em 1,https://youtu.be/-WrYNW-P14k?si=BKWOl9RtZBj3LMEf,09:27,23/02/2026,934,POLITICA
23/02/2026,P1,3,NEXT,2,Congresso retoma trabalhos com foco no fim da escala 6x1,Record News,https://youtu.be/f078ssix1X8?si=aRtNI8k2M6NLk6sh,12:35,23/02/2026,28,POLITICA
23/02/2026,P1,3,NEXT,3,Governo brasileiro aumenta imposto de importacao,CNN Brasil Money,https://youtu.be/9caLYOB1vuY?si=MxKuz5PEvq3Gyc-Y,06:00,23/02/2026,783,POLITICA
23/02/2026,P1,3,NEXT,4,Aplaudido de pe nos EUA - Flavio Bolsonaro discursa,Gustavo Gayer Deputado Federal,https://youtu.be/EqDA9cIGckY?si=BV1j2rDvwmS9oeBC,05:31,23/02/2026,142000,POLITICA
23/02/2026,P1,3,NEXT,5,"Master: Vorcaro sugere depor ao Senado, mas ate que ponto",UOL,https://youtu.be/mQaXuRGW5ko?si=XpoqT5qY99tzfeqf,05:14,23/02/2026,4,POLITICA
23/02/2026,P1,3,NEXT,6,JH: Regiao Sudeste do Brasil segue com alerta de temporal,g1,https://youtu.be/DZemD7_cxhk?si=B8ePjwq9mVxzE7UK,04:28,23/02/2026,8500,POLITICA
23/02/2026,P1,3,NEXT,7,Brasil registra em 2025 a menor taxa de desemprego da historia,CanalGov,https://youtu.be/89UOpvthYTQ?si=gVAewzvZ_gYN4Tfw,03:20,23/02/2026,101,POLITICA
23/02/2026,P1,3,NEXT,8,Brasil avanca para exportar carne bovina a Coreia do Sul,TIMES BRASIL,https://youtu.be/KHyCn1wXkHQ?si=8ZNOhZNIzddgjAIH,07:27,23/02/2026,1300,POLITICA
23/02/2026,P1,3,NEXT,9,Video de Michelle fritando bananas movimenta em meio a crise com Eduardo,SBT News,https://youtu.be/7XQDs4rQ360?si=7R70lbRe_NgH3maN,07:35,23/02/2026,1600,POLITICA
23/02/2026,P1,3,NEXT,10,"Governo Lula ja gastou mais de R$ 1,4 bilhao em cartao",O TEMPO,https://youtu.be/0K7agrOLAMU?si=FlZux8NLrwD9KQWj,06:39,23/02/2026,274,POLITICA
23/02/2026,P2,3,HOME,1,PLANO SEMANAL DE TREINO,Kiny,https://youtu.be/SqldX6X5RGs?si=YnWPJh3TJPWz-c8U,14:06,03/01/2021,292000,FITNESS
23/02/2026,P2,3,HOME,2,Como CRIAR CANAL e comecar no Youtube do jeito certo (2026),Pat Machadu,https://youtu.be/K5AXdMMzSDs?si=Gq77_lSstmlZjgcL,7:18,13/01/2026,58000,FITNESS
23/02/2026,P2,3,HOME,3,"ESTUDE, TREINE, CALE-SE: Torne-se IRRECONHECIVEL",O Estoico Sabio,https://youtu.be/FSrVJaVtp0g?si=_7P5GsgxOYSjs6IT,31:15,16/01/2026,318000,FITNESS
23/02/2026,P2,3,HOME,4,Eu IMPLORO para voce organizar sua vida,Mariana Santos,https://youtu.be/U1bt0SBdfJo?si=fYDYbtfgcT0VaHba,15:01,02/12/2025,244000,FITNESS
23/02/2026,P2,3,HOME,5,BRACOS DEFINIDOS EM 20 minutos - Treino em casa,Vane Fit,https://youtu.be/FngDojKgkJM?si=Bgi595yA8bBSCm2v,3:42,10/02/2026,1400,FITNESS
23/02/2026,P2,3,HOME,6,PREPARANDO 20 MARMITAS POR R$115 ,Camila sem gluten,https://youtu.be/RLAppOo9JMg?si=bUQS8vCdOOJsQ6ba,33:43,12/02/2026,10000,FITNESS
23/02/2026,P2,3,HOME,7,COMO DIVIDIR OS TREINOS EM CASA?,Thali na Rotina,https://youtu.be/u3kIHWkH6wA?si=DPQ8p2-jaO8KZtLl,13:51,25/04/2021,417000,FITNESS
23/02/2026,P2,3,HOME,8,ESSA ORACAO MUDOU A MINHA VIDA,Ana Desiderio,https://youtu.be/ZtYnE5v_-H8?si=qWT2ybW5sbdR-I-t,13:11,15/01/2026,543000,FITNESS
23/02/2026,P2,3,HOME,9,Seja uma mulher interesseira,Maria,https://youtu.be/8DYZheY6boM?si=yLXM6En9TPegegkQ,29:01,09/02/2026,15000,FITNESS
23/02/2026,P2,3,HOME,10,TREINO PARA DEFINIR AS PERNAS,Vane Fit,https://youtu.be/zzQYwQg5O9o?si=5QFAQyjLHZxRYORc,4:47,10/02/2026,1700,FITNESS
23/02/2026,P2,3,NEXT,1,OS EXERCICIOS CHAVE PARA CRESCER AS COXAS,Tay Training,https://youtu.be/uf2B-ioKXhg?si=qoeZll1TbcekFuMQ,07:37,09/07/2024,305000,FITNESS
23/02/2026,P2,3,NEXT,2,TREINO PARA SUPERIORES EM CASA,Leiner Alves ,https://youtu.be/TFldTYWhLWw?si=ijtocUs0HF01T75P,04:57,02/05/2025,207,FITNESS
23/02/2026,P2,3,NEXT,3,Talking it the other way,Brandon Salowitz,https://youtu.be/QPXGi8jHtnM?si=xZwvi_ApMfsz_X7R,00:18,22/02/2026,7,FITNESS
23/02/2026,P2,3,NEXT,4,VACUM+ AUTOMASSAGEM MODELADORA ,Leiner Alves ,https://youtu.be/2YjWPPoCcOU?si=J0Uo9EQnV7nrW1BG,04:57,11/10/2025,440,FITNESS
23/02/2026,P2,3,NEXT,5,Gluteo empinado e redondinho,Tay Training,https://youtu.be/7ux6FwZ7Ssc?si=0ofgbWfkh8CZ4NU1,07:41,27/09/2022,270000,FITNESS
23/02/2026,P2,3,NEXT,6,TREINO DE GLUTEO COM A MINHA AMIGA,Suellen Farias,https://youtu.be/Zk6sI8Wz5AE?si=xVIFx1vPQ2u3WyWd,28:49,03/10/2025,3200,FITNESS
23/02/2026,P2,3,NEXT,7,Aprenda de uma vez por todas como fazer o vacuum,BibiFitness,https://youtu.be/FcKw_KrvxzY?si=VgvEmDb-ytF8k08s,6:56,16/10/2024,12000,FITNESS
23/02/2026,P2,3,NEXT,8,VACUUM para iniciantes,BibiFitness,https://youtu.be/WlkCGdMR_OA?si=u6-xTqWTkaL0qj83,9:40,27/10/2025,1400,FITNESS
23/02/2026,P2,3,NEXT,9,Alongamento - voleibol,Saulo Oliveira,https://youtu.be/aCEkR5Hd4dc?si=ELMTS1_7tiQYu61M,12:29,22/07/2020,26000,FITNESS
23/02/2026,P2,3,NEXT,10,NUNCA MAIS tenha o barco molenga,Tay Training,https://youtu.be/qSvyhGAECr0?si=uhQU3xYSWjyuNA7H,6:26,28/02/2024,945000,FITNESS
23/02/2026,P3,3,HOME,1,Esse e o MELHOR NOTEBOOK barato para comprar hoje,Lipe Mal Estar,https://youtu.be/a8egV8HMCbg?si=wkTw6K5aZo67mfVY,13:55,13/02/2026,26000,TECNOLOGIA
23/02/2026,P3,3,HOME,2,Essa atualizacao do WhatsApp vai surpreender voce,WislonTuber,https://youtu.be/lh2ojYVAg2w?si=kCdu_70KixVTsGBd,6:36,23/02/2026,457,TECNOLOGIA
23/02/2026,P3,3,HOME,3,SAMSUNG GALAXY A17 2026,Economizei 67,https://youtu.be/8NC9QrbGl0I?si=M8QJ3bNPwZgGxp_Z,7:39,09/02/2026,828,TECNOLOGIA
23/02/2026,P3,3,HOME,4,FINALMENTE COMPREI um IPHONE 17 PRO MAX na SHOPEE,Rodrigo Moreira,https://youtu.be/bhq-GqnhDhE?si=WFjqAumyGb1jVejr,16:10,23/02/2026,2500,TECNOLOGIA
23/02/2026,P3,3,HOME,5,TESTEI O HUB USB-C MAIS PODEROSO DO MERCADO,MW Informatica,https://youtu.be/nZCtM_XhlLM?si=E6QnFP5Sf6GZPYUU,16:24,16/09/2025,75000,TECNOLOGIA
23/02/2026,P3,3,HOME,6,Dell Latitude 3410 14,John Notebooks Brasil,https://youtu.be/CAEC_FzjkHw?si=H8vpRk9rdY_skJCa,1:03,28/01/2025,4200,TECNOLOGIA
23/02/2026,P3,3,HOME,7,De ultima hora!! ATUALIZACAO de FEVEREIRO LIBERADA pela SAMSUNG,Atualizando Galaxy,https://youtu.be/fvm6nSosIWs?si=xfhos7RwZbVE0Fdv,2:42,23/02/2026,894,TECNOLOGIA
23/02/2026,P3,3,HOME,8,O MacBook MAIS BARATO sera lancado no dia 4 de marco,Loop Infinito,https://youtu.be/NpG-_yKs4_4?si=Jn0Z7lQDEGhhlg6I,25:06,23/02/2026,13000,TECNOLOGIA
23/02/2026,P3,3,HOME,9,MAIS Recursos ESCONDIDOS No SAMSUNG ,APRENDA FACIL,https://youtu.be/6acePeY11jc?si=Plm1fuffW7MtelGc,5:50,09/02/2026,746,TECNOLOGIA
23/02/2026,P3,3,HOME,10,NOVO REALME C85,bgeeks,https://youtu.be/YukUjI0cdyM?si=TtriToONJDfgU8yA,9:02,23/02/2026,858,TECNOLOGIA
23/02/2026,P3,3,NEXT,1,O iphone 14 Pro Max envelheceu bem,Diogo Filipe,https://youtu.be/e3did47OLCk?si=MVyUN_TDlgfr7Ywz,7:17,21/02/2026,1500,TECNOLOGIA
23/02/2026,P3,3,NEXT,2,6 MESES DEPOIS O S25 FE TA VALENDO A PENA?,Andre Felipe,https://youtu.be/eMi1bkVaDRE?si=PT21IAqBwol4f_21,11:42,23/02/2026,559,TECNOLOGIA
23/02/2026,P3,3,NEXT,3,HARD RESET ITEL A04,Pretinho Tech,https://youtu.be/AJ7Kcft2fUY?si=iI6ul7Vh1L2-5LTf,4:07,23/02/2026,8,TECNOLOGIA
23/02/2026,P3,3,NEXT,4,"UGREEN HDMI SWITCHER KVM, 4K",dmeloTV,https://youtu.be/dmdb9-ZYIRI?si=8f9k-5FqfPJq4l1q,6:29,16/07/2024,6800,TECNOLOGIA
23/02/2026,P3,3,NEXT,5,Moto G06 em 7 minutos!,bgeeks,https://youtu.be/dm9b82Tvb8c?si=cc222rhQlZkahk6t,7:52,03/01/2026,17000,TECNOLOGIA
23/02/2026,P3,3,NEXT,6,Como deixar seu iphone TOTALMENTE DARK,Roger Coelho,https://youtu.be/eWpzxkJ_6sU?si=digjVo8cWZhiJIrd,7:14,20/02/2026,4000,TECNOLOGIA
23/02/2026,P3,3,NEXT,7,MackBook Air M4 vs Mac Mini M4,Gabriel de Pinho,https://youtu.be/sLUXTJhkgqg?si=jXPHjDuBXgdXuXrP,10:22,13/02/2026,33000,TECNOLOGIA
23/02/2026,P3,3,NEXT,8,OLHA QUE TOP ESSE MOTOROLA,k Tech,https://youtu.be/9I1H-STSuRw?si=P1-0PTltASbwdl8p,9:57,23/02/2026,471,TECNOLOGIA
23/02/2026,P3,3,NEXT,9,REALME C85 (NFC) vs REDMI NOTE 14 4G,Tuk,https://youtu.be/qB6qbkqJFqE?si=viOI0Lv6V5JhY8Ls,9:25,23/02/2026,384,TECNOLOGIA
23/02/2026,P3,3,NEXT,10,Comprei o Galaxy A36 5G,Ed Gouvea | Tech,https://youtu.be/hggh7EH6RVM?si=DebHxICfM9VnWwoM,7:28,17/02/2026,1900,TECNOLOGIA
23/02/2026,P4,3,HOME,1,"""El Mencho"":Morte de lider de cartel provoca onda de violencia no Mexico ",SBT News,https://youtu.be/r8AliSvHAzw?si=1zUowDZ-KP9P2Jrl,3:15,23/02/2026,44,NEUTRO
23/02/2026,P4,3,HOME,2,Por que voce deve focar em ganhar musculos - e nao emagrecer,BBC News Brasil,https://youtu.be/9ZNgpnUdq2o?si=TUOkHOBijV1HYWCO,5:44,24/01/2025,1600000,NEUTRO
23/02/2026,P4,3,HOME,3,Mulher ganha R$ 60 mil e tem 250 dias de folga por trabalhar ,UOL,https://youtu.be/ELWjTPlIds0?si=MnAwqyQZfNciBgCq,1:53,27/01/2026,266000,NEUTRO
23/02/2026,P4,3,HOME,4,Samsung: e melhor investir em um aparelho mais completo ou mais antigo,Olhar Digital,https://youtu.be/JdT6XULG0V4?si=wtMVCFaASXhYiTAn,2:40,10/02/2026,600,NEUTRO
23/02/2026,P4,3,HOME,5,"Morte de ""El Mencho"": Mexico tenta voltar a normalidade aops violencia e caos",CNN Brasil,https://youtu.be/OJlK7eQk0zE?si=7MH01yG7DHNJRVH6,8:36,23/02/2026,7500,NEUTRO
23/02/2026,P4,3,HOME,6,Uniao Europeia cancela negociacoes com os EUA apos tarifa global deTrump,SBT News,https://youtu.be/hcBx-4NiqlA?si=F6Nd0oqHEN6A5zVk,1:52,23/02/2026,368,NEUTRO
23/02/2026,P4,3,HOME,7,Governo revogs decreto sobre hidrovias na Amazonia apos protestos indigenas,AFP Portugues,https://youtu.be/uVbW3C66QLg?si=JeQqBZC0vTBq9sKr,1:18,23/02/2026,216,NEUTRO
23/02/2026,P4,3,HOME,8,EUA aumentam pressao sobre o Ira com cacas e porta-avioes,g1,https://youtu.be/TSQFV0YRFxk?si=WjH_rqYoGfpEpy9J,5:19,23/02/2026,82000,NEUTRO
23/02/2026,P4,3,HOME,9,Lula deve pregar aumento do investimento militar em programa do governo,CNN Brasil,https://youtu.be/Y9g64AuoOTY?si=UogddKPQ8d4HLUvm,7:37,23/02/2026,2500,NEUTRO
23/02/2026,P4,3,HOME,10,PASTEL COM 2 INGREDIENTES AGUA E FARINHA,Nandu Andrade,https://youtu.be/xWmFvEwqu7k?si=LIPrXFaI5dgjeCvb,7:35,10/10/2020,8100000,NEUTRO
23/02/2026,P4,3,NEXT,1,Nao frite! Beringela queijo e ovos,Rezept Reich,https://youtu.be/zmszPRCiDXs?si=bBn7CQCYv-GscP4t,4:32,20/05/2025,3000000,NEUTRO
23/02/2026,P4,3,NEXT,2,No Frying Needed! Just Mix,Yummy in a Hurry,https://youtu.be/7htAFbefCa8?si=YZ3_J8E8RjbZI1xw,5:36,23/02/2026,30,NEUTRO
23/02/2026,P4,3,NEXT,3,QUER FAZER PANQUECA,Simone Cozinha e Terapia,https://youtu.be/G8HS7qOFRQw?si=IAn8aRyk2pKJAlBa,9:36,23/02/2026,39,NEUTRO
23/02/2026,P4,3,NEXT,4,"2 bobrinhas, 2 Tomates e o Jantar esta",Aquela Receita,https://youtu.be/WzTJHzHwDKE?si=graKw44Gs_EAphX5,3:04,02/07/2021,1800000,NEUTRO
23/02/2026,P4,3,NEXT,5,PAIXE AO MOLHO,Van Oliveira,https://youtu.be/16w3vi0TdTU?si=0fqOouyR9BgwnJ7u,6:49,30/09/2022,2000000,NEUTRO
23/02/2026,P4,3,NEXT,6,Batata com Linguica Queijo e Molho Branco,Olha eu na Cozinha,https://youtu.be/tAorYjvFLCk?si=ObpbonQlwFQ-v6jf,3:39,29/08/2024,819,NEUTRO
23/02/2026,P4,3,NEXT,7,Macarrao Cremoso de panela de Pressao,Fabricio Duarte,https://youtu.be/lHi9h1yT6sM?si=8IjQoVUwddXWCr0a,5:33,07/07/2025,346000,NEUTRO
23/02/2026,P4,3,NEXT,8,baixou! iPhone 16 vale a pena em 2026?,Tuk,https://youtu.be/KUDRzUXCW8Y?si=f30rVZizWBqcWB0x,10:29,22/02/2026,8200,NEUTRO
23/02/2026,P4,3,NEXT,9,CAFE DA MANHA LOW CARB,Receitas Low Carb para Diabeticos,https://youtu.be/igrjfAb7hl8?si=IN9U-4ezSNCB3xh-,5:34,03/11/2022,3100000,NEUTRO
23/02/2026,P4,3,NEXT,10,IOS 26 - 13 Configuracoes,Tuk,https://youtu.be/ttBMLVDUfZ4?si=7WYJpbEJv83DnT2n,13:05,17/09/2025,431000,NEUTRO
24/02/2026,P1,4,HOME,1,Lula comenta tarifa de 15% anunciada por Trump,SBT News,https://youtu.be/WVzZxMVkaLs?si=B1_Yav0fkSMrxBOy,3:37,22/02/2026,160000,POLITICA
24/02/2026,P1,4,HOME,2,"Justica Eleitoral proibe Marcal de ir a bar, boate e casa de prostituicao",UOL,https://youtu.be/y_jFzkthiWM?si=U9CO2l5ajDypiP9O,7:30,24/02/2026,2500,POLITICA
24/02/2026,P1,4,HOME,3,"Real, 30 anos: entenda como plano economico que fundou a moeda",Folha de S.Paulo,https://youtu.be/vbmKHoFWz00?si=wC8ti962ysgBfSCZ,9:17,28/06/2024,183000,POLITICA
24/02/2026,P1,4,HOME,4,Tragedia da chuva em MG: mortes e destruicao,Brasil Urgente,https://youtu.be/zihtmQQ5wCE?si=KEOGqn47L2SlrSAs,3:39,24/02/2026,3100,POLITICA
24/02/2026,P1,4,HOME,5,Eleicoes 2026: Douglas Ruas e candidato do PL ,CNN Brasil,https://youtu.be/I8Qc0CG4qkw?si=kghyj92Wvp1bqOfc,2:43,24/02/2026,765,POLITICA
24/02/2026,P1,4,HOME,6,"Em visita a Coreia do Sul, presidente Lula encerra viagem a Asia",Jornal da Record,https://youtu.be/wZmURZLmmE8?si=obu96TlDAkubGHzc,2:39,23/02/2026,2,POLITICA
24/02/2026,P1,4,HOME,7,CHINA ENTRA NO JOGO COM IRA ,Parabolica,https://youtu.be/6FpkTRhkD98?si=fWEe3uqjgpYQIIE8,12:04,24/02/2026,6700,POLITICA
24/02/2026,P1,4,HOME,8,A estrategia militar de Trump contra o Ira e o risco no estreito de Ormuz,TIMES BRASIL,https://youtu.be/Cj7lxvPd10g?si=W98yWL1X1fxnzEx6,5:16,19/02/2026,91000,POLITICA
24/02/2026,P1,4,HOME,9,JN: Organizacoes da sociedade civil pedem que Lula vete,g1,https://youtu.be/939h2FpdfLM?si=9IMH3vJQjCEoaYQD,5:55,06/02/2026,87000,POLITICA
24/02/2026,P1,4,HOME,10,"Nao sou representante da ONU, diz Lula sobre conflito dos EUA com Ira",CNN Brasil,https://youtu.be/V8dfscd1kHY?si=MPN1s3yZXyqQpG9N,3:50,23/02/2026,10000,POLITICA
24/02/2026,P1,4,NEXT,1,Hugo Motta nega supersalarios e diz que solucao depende do Executivo,SBT News,https://youtu.be/DYApB0jEyhA?si=BPhw4ILzESyopopp,9:44,24/02/2026,43,POLITICA
24/02/2026,P1,4,NEXT,2,Juiz de fora acumula 584 mm e evacua areas de risco,SBT News,https://youtu.be/WHJfM8TpaYI?si=cOpOaLFgdRVFa66U,6:03,24/02/2026,2200,POLITICA
24/02/2026,P1,4,NEXT,3,Bolsa renova recorde e supera 191 mil pontos,CNN Brasil,https://youtu.be/ziNMAoTKY9I?si=_QXuV4vmcxj21XOH,2:51,24/02/2026,1,POLITICA
24/02/2026,P1,4,NEXT,4,Rean volta ao STF para rediscutir depoimento de Vorcaro,UOL,https://youtu.be/Co486PZKBdc?si=8VtmYvoRFbiN7FP4,10:16,24/02/2026,14,POLITICA
24/02/2026,P1,4,NEXT,5,Novas tarifas dos EUA entram em vigor com taxa mais baixa de 10%,Record News,https://youtu.be/AhSTDmbTGmk?si=ZFbwN4SjdiJaDdaZ,4:57,24/02/2026,308,POLITICA
24/02/2026,P1,4,NEXT,6,Petroleiros estao pressionando o governo para que Lula ajude Cuba,O TEMPO,https://youtu.be/f8TB4t-zthM?si=yZjsvp8qHkJG2AF4,5:34,24/02/2026,452,POLITICA
24/02/2026,P1,4,NEXT,7,O que acontece apos viagem de Lula a Asia,Metropoles,https://youtu.be/dMSha1elznE?si=9XB_RMAjT1J6A1Ur,2:38,24/02/2026,567,POLITICA
24/02/2026,P1,4,NEXT,8,Governo revoga decreto de estudos para concessao de hidrovias na Amazonia,CanalGov,https://youtu.be/G7Rq1qkLqbY?si=G0OcLIS8dmywD0R7,1:27,24/02/2026,132,POLITICA
24/02/2026,P1,4,NEXT,9,Sobrinho dos Brazao critica delacao e defende inocencia no caso Marielle,SBT News,https://youtu.be/P-KMz00gvVQ?si=XDqnAJHTB8PrbSVI,6:51,24/02/2026,1,POLITICA
24/02/2026,P1,4,NEXT,10,JH: Guerra entreUcrania e Russia completa 4 anos,g1,https://youtu.be/cQjg19nGLuU?si=6z9IDk8okx7fm9Gk,4:49,24/02/2026,6600,POLITICA
24/02/2026,P2,4,HOME,1,Quanto GANHEI sendo YOUTUBER INICIANTE em 2026,Renata Rodrigues,https://youtu.be/LUCaqiabnpo?si=bP9myO1iPqANemo7,7:54,01/02/2026,27000,FITNESS
24/02/2026,P2,4,HOME,2,EXAUSTAO EMOCIONAL: O CANSACO QUE NAO PASSA,Papo com Anahy D'Amico,https://youtu.be/UC_9TndluoE?si=YdDpoqIwJ7zFkFTm,8:06,19/07/2025,747000,FITNESS
24/02/2026,P2,4,HOME,3,ROTINA DE 2 MINUTOS PARA FIRMAR E LEVANTAR O ROSTO,Deise Misturini,https://youtu.be/49w0NIbpLb4?si=4OPeCkzMCIeS7qzS,9:19,15/01/2026,252000,FITNESS
24/02/2026,P2,4,HOME,4,CHEGA de TAPIOCA,Receitas do Clau,https://youtu.be/5sGQBbqqyMU?si=-6eWPFDN0Off_HL0,8:02,28/12/2022,4300000,FITNESS
24/02/2026,P2,4,HOME,5,TREINAO DE BICEPS E TRICEPS,Vane Fit,https://youtu.be/-FdtRl0et10?si=kNHJiDnvPnXibayd,3:06,09/02/2026,591,FITNESS
24/02/2026,P2,4,HOME,6,Eu IMPLORO para voce largar o vicio no celular,Mariana Santos,https://youtu.be/FTGyXfvWr6E?si=6xTldvL8vkYwpNHv,13:03,22/02/2026,10000,FITNESS
24/02/2026,P2,4,HOME,7,ROTINA PRA FAZER ANTES DOS TREINOS DE PERNAS,Vane Fit,https://youtu.be/9cvWlF6PAzo?si=Es8odEeZV8HsSakb,5:19,24/02/2026,14100,FITNESS
24/02/2026,P2,4,HOME,8,TRES EXERCICIOS INFALIVEIS ,Medico da Mulher,https://youtu.be/SCLstOll-vw?si=4bcWoRLUGlaLZCuR,9:32,25/10/2026,406000,FITNESS
24/02/2026,P2,4,HOME,9,NAMORE sua SAUDE EMOCIONAL Antes de NAMORAR ALGUEM,Augusto Cury,https://youtu.be/3cfc_RASJWs?si=1RlO5Jcb1wE5PK9e,6:03,19/02/2026,1490000,FITNESS
24/02/2026,P2,4,HOME,10,PAOZINHO de GEMAS com 3 INGREDIENTES,Voce Magra,https://youtu.be/5KQB0-IVFpU?si=oBjNlXXNpbRQ1xQl,7:00,05/01/2026,411000,FITNESS
24/02/2026,P2,4,NEXT,1,AULA COMPLETA DE GINASTICA AEROBICA ,Nice One Academia,https://youtu.be/-1vV1HwGcuw?si=MRdJJmV6xOhcwo24,6:23,17/07/2020,96000,FITNESS
24/02/2026,P2,4,NEXT,2,4 Exercicios Afetivos para Reduzir a Gordura nas Costas,Funfit com Susana Yabar,https://youtu.be/S9FRNWnAQ1c?si=64dpkYAVipv4xTx0,9:53,25/01/2023,380000,FITNESS
24/02/2026,P2,4,NEXT,3,Aprenda quais alimentos potencializam os seus resultados,Gabi Souto,https://youtu.be/OGDZZdlB_zg?si=x_p8_mTKC7GTLeL5,5:37,24/02/2026,2,FITNESS
24/02/2026,P2,4,NEXT,4,POR QUE EU NAO TOMO WHEY PROTEIN,Tay Traininig,https://youtu.be/15TCCWgm2Jo?si=xmfp_g6DL7AaoWJR,10:15,08/07/2024,3100000,FITNESS
24/02/2026,P2,4,NEXT,5,TRANSFORMANDO SEUS BRACOS ,Aurelio Alfieri,https://youtu.be/nT0x8JgpIBE?si=A03U08OJkyePADk5,7:22,06/02/2023,178000,FITNESS
24/02/2026,P2,4,NEXT,6,Exercicios para levantar o peito,WORKOUT,https://youtu.be/fcmXr4oqqlk?si=rkks0pbe6WPWME2o,5:56,10/10/2024,1700000,FITNESS
24/02/2026,P2,4,NEXT,7,Dor na lombar,O fisio do corredor Willian A.,https://youtu.be/XBv9j1KCC1o?si=lexBnn1wTNUfCE31,7:29,18/02/2026,54,FITNESS
24/02/2026,P2,4,NEXT,8,TREINO + RAPIDO OBTENDO + RESULTADOS,Tay Traininig,https://youtu.be/KTjI6t9-KxM?si=560irG_uBlQWDur0,9:16,29/11/2021,91000,FITNESS
24/02/2026,P2,4,NEXT,9,Pilates para abdomem tonificado,Lyne On The Mat,https://youtu.be/LBwD2pPWB0Q?si=RMR1SSsUeWUw4rUH,9:59,23/12/2025,1000,FITNESS
24/02/2026,P2,4,NEXT,10,TREINO SUPERIOR 7 MIN,TREINADORA CAROL VAZ,https://youtu.be/eDd4M7g96SA?si=VVfRlG5q6sJ6vBge,10:39,19/09/2021,952000,FITNESS
24/02/2026,P3,4,HOME,1,O que e USB-C,Vladimir Campos,https://youtu.be/XxI6xay8Qdo?si=DqsDHjwhpv-bLcIO,5:09,02/06/2021,58000,TECNOLOGIA
24/02/2026,P3,4,HOME,2,Dell acaba com marcas antigas de PCs,TecMundo,https://youtu.be/ETvJruSwuyY?si=dRKIhsbjGrp35cCR,10:19,06/01/2025,37000,TECNOLOGIA
24/02/2026,P3,4,HOME,3,GALAXY TAB A11 PLUS,TudoCelular,https://youtu.be/BWRu99fdcV4?si=RIDX5P2GAx3R-O2k,9:38,16/02/2026,10000,TECNOLOGIA
24/02/2026,P3,4,HOME,4,KVM UGREEN: USAR DOIS COMPUATDOES EM UM SO TECLADO,Marleo Piber,https://youtu.be/RDioekNYais?si=hH4MclFGd49Nexk1,9:17,22/01/2023,4200,TECNOLOGIA
24/02/2026,P3,4,HOME,5,Como carregar notebook utilizando Powerbank,Victor Viana,https://youtu.be/vazeRuYO3vA?si=VmbuqwSPhEy6n7k4,8:04,01/10/2023,41000,TECNOLOGIA
24/02/2026,P3,4,HOME,6,Esse Thinkpad e MONSTRO,Flow de Dados,https://youtu.be/chUOjYn88z4?si=LC6RksGNeIX165G-,11:27,11/02/2026,12000,TECNOLOGIA
24/02/2026,P3,4,HOME,7,Samsung MODO DEX e acessorios,"Fala, Leo!",https://youtu.be/5Qw9g_UwiqU?si=Z8Od9S8e-Zsvlm9r,15:38,27/01/2026,32000,TECNOLOGIA
24/02/2026,P3,4,HOME,8,Review Hub da UGREEN,mzeds,https://youtu.be/fydC3uQSmaU?si=qKITzfVUQtp6UlbO,4:51,28/09/2024,5000,TECNOLOGIA
24/02/2026,P3,4,HOME,9,Os MELHORES Notebooks Custo-Beneficio para estudar,INDICA TECH BR,https://youtu.be/eWJVMo6pNfc?si=5teKkiUX98xThJQV,6:17,07/02/2026,358,TECNOLOGIA
24/02/2026,P3,4,HOME,10,OS MELHORES CELULARES PARA JOGOS ATE R$ 1800 ,Tech Lany,https://youtu.be/kCoTm2mknss?si=Xqw27NjscAF4m0Xj,7:36,24/02/2026,67,TECNOLOGIA
24/02/2026,P3,4,NEXT,1,Switch KVM UGREEN,Geek de Fibra,https://youtu.be/qUoSflrS7Hw?si=jNZqKvBpBsFh3Nq5,10:20,02/08/2022,39000,TECNOLOGIA
24/02/2026,P3,4,NEXT,2,TRANSFORME seu notebook (e MAC) em um PC GAMER,Gabriel de Pinho,https://youtu.be/ZWR8J4sKsM0?si=TSy1a3iBsWRESOvX,10:52,11/09/2020,456000,TECNOLOGIA
24/02/2026,P3,4,NEXT,3,Como fazer UPGRADE de SSD no NOTEBOOK,Gabriel de Pinho,https://youtu.be/U72zbxSDYBQ?si=v9lZbSvujFBV-Njc,10:31,06/10/2021,33000,TECNOLOGIA
24/02/2026,P3,4,NEXT,4,Meu KIT de GRAVACAO 2026,Por essa Dica,https://youtu.be/mnmhZfuDaTA?si=5WTKr2KNXxWyrDbS,8:10,24/02/2026,5,TECNOLOGIA
24/02/2026,P3,4,NEXT,5,UGREEN HDMI SWITCHER ,dmeloTV,https://youtu.be/dmdb9-ZYIRI?si=-ACKhyS_ALuCAzTF,6:29,16/07/2024,6800,TECNOLOGIA
24/02/2026,P3,4,NEXT,6,INSTALEI UMA PLACA DE VIDEO NO NOTEBOOK POSITIVO,MW Informatica,https://youtu.be/j36cI6K7SGY?si=Hdi9sMrjLnmmUrZg,15:21,15/08/2024,179000,TECNOLOGIA
24/02/2026,P3,4,NEXT,7,Como liguei 2 monitores no Macbook M1,Decinho Shinkai,https://youtu.be/VHLmKS6cZ-A?si=8YicfxfHlFcCJxw2,5:26,09/10/2023,7200,TECNOLOGIA
24/02/2026,P3,4,NEXT,8,Como saber se seu notebook e monitor suportam passar video,Victor Viana,https://youtu.be/-qtlEiI71Wc?si=gdbVqG5RvvOGypGV,6:47,29/03/2023,48000,TECNOLOGIA
24/02/2026,P3,4,NEXT,9,Placa De Video Externa pra NOTEBOOK,Gabriel de Pinho,https://youtu.be/9HPfXfz1PTo?si=-jTfvkI2mo0irZ5i,10:01,14/11/2018,1100000,TECNOLOGIA
24/02/2026,P3,4,NEXT,10,REALME C85,Tuk,https://youtu.be/qB6qbkqJFqE?si=sdOujzR0RTHS8pmo,9:25,23/02/2026,2900,TECNOLOGIA
24/02/2026,P4,4,HOME,1,"Investimentos em ferrovias devem somar 140 bilhoes de reais, preve governo",Jornalismo TV Cultura,https://youtu.be/fpD7as-_PT4?si=Y3vG7_oET6aPU4Rz,3:23,21/02/2026,20000,NEUTRO
24/02/2026,P4,4,HOME,2,BOLINHO DE CHUVA PERFEITO E REDONDINHO ,Receitas de Pai,https://youtu.be/GTNsoF4NOZM?si=O5Oa6fU1eI-01pra,9:37,09/07/2025,1400000,NEUTRO
24/02/2026,P4,4,HOME,3,PGR da aval ao STF a acao que fere de morte empregos com ferias e 13º salario,UOL,https://youtu.be/Sds0rwAacTU?si=oWO09xeshmb55KuQ,3:58,10/02/2026,350000,NEUTRO
24/02/2026,P4,4,HOME,4,Mulher abraca poste durante enxurrada em Juiz de Fora (MG),UOL,https://youtu.be/WUk3b0WiUP8?si=pe1_e5LKkek43-zv,0:54,24/02/2026,32000,NEUTRO
24/02/2026,P4,4,HOME,5,Flavio Bolsonaro e Castro definem candidatos a governo e Senado no RJ,Metropoles,https://youtu.be/uCvFnI2HaBs?si=qwcXvt3h7o14FsWW,5:14,24/02/2026,80000,NEUTRO
24/02/2026,P4,4,HOME,6,MUSCULACAO VS CORRIDA? QUAL E MELHOR?,Os Socios Podcast,https://youtu.be/HJ0w285tCnE?si=ONvX3o1cl5AxY_6q,5:49,03/09/2025,670000,NEUTRO
24/02/2026,P4,4,HOME,7,Novo sistema do Banco Central permite portabilidade de credito rapida e digital pelo celular,Record News,https://youtu.be/dHBxNjtMSJQ?si=zenjbQTl2wc8yaMA,2:29,19/02/2026,32000,NEUTRO
24/02/2026,P4,4,HOME,8,"Se MEXE C#R#LH0, Va Atras Dos Seus Sonhos ",Clovis de Barros,https://youtu.be/qy9Fwsg-L1g?si=ey_mFmq60rYl7Lo9,2:44,18/02/2026,360000,NEUTRO
24/02/2026,P4,4,HOME,9,E isso que acontece no seu organismo quando voce come muito tarde,Drauzio Varella,https://youtu.be/MdeE4Q4YXuI?si=4K-rtw8CU2WPSyQi,5:02,17/05/2024,1100000,NEUTRO
24/02/2026,P4,4,HOME,10,Brasil corre risco de apagao logistico por falta de caminhoneiros | Jornal da Band,Band Jornalismo,https://youtu.be/afF4FMi5MHQ?si=XaJKOUtqpbda6DPE,2:02,21/02/2026,100000,NEUTRO
24/02/2026,P4,4,NEXT,1,O SEGREDO DA TAPIOCA MOLINHA E MOLHADINHA ,RECEITAS DO FABRICIO,https://youtu.be/W59zv6UOI2M?si=lONAj-3cIe2jHAlr,3:44,20/01/2021,1500000,NEUTRO
24/02/2026,P4,4,NEXT,2,Como Fazer uma Sobremesa de Goiabada!,Beatriz Receitas,https://youtu.be/9qJmKLPxlZs?si=fnAUp4VxC81Jc2ES,2:38,12/06/2025,415,NEUTRO
24/02/2026,P4,4,NEXT,3,BOLO DE MILHO VERDE DA ROCA,Culinaria Rondonopolis,https://youtu.be/BfPkEN901ss?si=sP_RBEgTF7lTdBIN,6:13,24/02/2026,11,NEUTRO
24/02/2026,P4,4,NEXT,4,BOLINHOS DE CARNE,Cozinha Art,https://youtu.be/TibSeUaqNFY?si=WE-vae6ZjOWaDQhc,2:42,06/07/2025,69000,NEUTRO
24/02/2026,P4,4,NEXT,5,Quibebe de abobora com creme de leite,Socorro Martins,https://youtu.be/wXVSPQs3b-k?si=zN368S0OtQZBvaX-,3:47,23/01/2026,86,NEUTRO
24/02/2026,P4,4,NEXT,6,Bomba de Presunto e Queijo que Esta Bombando na Internet!,Receitas da Nessa,https://youtu.be/1BGu9cNhiYQ?si=0ImqOzyLI5gzu0_-,4:41,04/08/2025,56000,NEUTRO
24/02/2026,P4,4,NEXT,7,MELHOR QUE LASANHA. SURPREENDA A TODOS NO ALMOÇO DE DOMINGO.,Receitas Faceis do Dia a Dia e Receitas Agora,https://youtu.be/SbzeYPrxf_0?si=xpSZbiBaTBsdtuQ3,3:02,19/01/2026,173000,NEUTRO
24/02/2026,P4,4,NEXT,8,Como Fazer uma Sobremesa de Goiabada!,Aquela Receita,https://youtu.be/uo1Fd_omNgc?si=YzjHlhvvFAuz6Qmu,3:27,12/12/2025,1700000,NEUTRO
24/02/2026,P4,4,NEXT,9,Esta deliciosa receita aprendi em um restaurante caro! ,Hausgemachte Rezepte Fix,https://youtu.be/HLHRKGAJQ_0?si=dPZcsujBYyCWBu4I,3:59,28/01/2026,95000,NEUTRO
24/02/2026,P4,4,NEXT,10,Como Fazer Coracao de Frango na Frigideira - Tv Churrasco,Tv Churrasco,https://youtu.be/vr1LyQMQ2QU?si=mtRX7HdQ8NO1-H-R,5:16,08/04/2024,240000,NEUTRO
25/02/2026,P1,5,HOME,1,Discurso do Estado da Uniao de Trump ,CNN Brasil,https://youtu.be/FQ9QLbNXqHM?si=gEGL8ldvhvdKoZMN,6:55,25/02/2026,44,POLITICA
25/02/2026,P1,5,HOME,2,Entenda o que muda apos a camara aprovar o PL Antifaccao,SBT News,https://youtu.be/n-6unvjyxxk?si=1Uokgx8OOf1avURO,6:16,25/02/2026,7300,POLITICA
25/02/2026,P1,5,HOME,3,VINI JR. E DECISIVO DE NOVO,TNT Sports Brasil,https://youtu.be/-IY1hnDpQEk?si=6Ya62CIvFuAQhlPn,5:31,25/02/2026,241000,POLITICA
25/02/2026,P1,5,HOME,4,Mais um primeiro-ministro enfrenta voto de desconfianca,92 News HD,https://youtu.be/lVOxjVoGtBc?si=fR1lCOTJ9wwLBU2_,0:44,17/02/2026,3000,POLITICA
25/02/2026,P1,5,HOME,5,Primeira Turma fixa penas para acusados no caso Marielle,SBT News,https://youtu.be/Qw-S_HnmHRw?si=0P6sllnbLracZt0S,16:18,25/02/2026,3500,POLITICA
25/02/2026,P1,5,HOME,6,Desembargador que absolveu homem por estupro de menina,Radio BandNews FM,https://youtu.be/LQAUq6nBnFo?si=nJqCJil5qip6Q2zG,3:07,25/02/2026,2300,POLITICA
25/02/2026,P1,5,HOME,7,Chanceler da Alemanha chega a China apos ofensivas de Donald ,Jovem Pan News,https://youtu.be/uvhq5Dz0zOs?si=W41qMC74am4PDlFU,2:00,25/02/2025,890,POLITICA
25/02/2026,P1,5,HOME,8,FLAVIO BOZO INVENTA A MAIOR FAKE NEWS DE TODAS ,JA Cortes,https://youtu.be/M-8phUr2nxQ?si=SFuezxA1Tv_Vh15E,6:28,23/02/2026,11000,POLITICA
25/02/2026,P1,5,HOME,9,A economia de Trump esta crescendo rapidamente,Salem News Channel,https://youtu.be/jJEUaVQ67Jw?si=OJwIxbO4ri6SOAzN,4:23,25/02/2026,366,POLITICA
25/02/2026,P1,5,HOME,10,Presidente do Instituto Vox Populi aposta em Lula forte e vitoria,Rede TVT,https://youtu.be/S0RxR0J3xt4?si=-mdgl0mO_LkkpOt7,11:21,25/02/2026,8000,POLITICA
25/02/2026,P1,5,NEXT,1,Camara livra bets de pagar R$ 30 bi apos manobra,SBT News,https://youtu.be/7KLxMD8jluw?si=ncM3TxSHtJojILFB,5:01,25/02/2026,1800,POLITICA
25/02/2026,P1,5,NEXT,2,Lula aparece a frente de todos os candidatos no 1 turno,CNN Brasil,https://youtu.be/iOtDsUdvEtE?si=2qofCcHhnVyjeZ9P,2:59,25/02/2026,5200,POLITICA
25/02/2026,P1,5,NEXT,3,"Apos visita a Bolsonaro, Flavio tenta apziguar briga entre Eduardo",Record News,https://youtu.be/KrvUhEhUU5c?si=HWPtQUWJHU-qG0bq,7:29,25/02/2026,96,POLITICA
25/02/2026,P1,5,NEXT,4,Delegacoes de paises africanos e governo do Brasil realizam intercambio ,CanalGov,https://youtu.be/TTEDvxlR2wI?si=u8PGn9GQMd5maG6e,3:25,25/02/2026,367,POLITICA
25/02/2026,P1,5,NEXT,5,Motta diz aceitar com naturalidade possiveis vetos,Poder360,https://youtu.be/2_Q5tDnPgZE?si=mqCGf5nXXDDuR3KJ,1:44,25/02/2026,432,POLITICA
25/02/2026,P1,5,NEXT,6,Congresso ve maioria para derrubar veto da dosimetria,CNN Brasil,https://youtu.be/vrMpBubBKN0?si=egF-yYxLViP_d5eH,2:56,25/02/2026,231,POLITICA
25/02/2026,P1,5,NEXT,7,Camara aprova PL Antifaccao e endurece ,Radio Bandeirantes,https://youtu.be/xJrag-Qb_pc?si=3nlBMqIXldvsiIkc,3:36,25/02/2026,1000,POLITICA
25/02/2026,P1,5,NEXT,8,"Oposicao protocola ""impeachmaco"" de ministros de Lula",Poder360,https://youtu.be/HJ2O0SZPEkM?si=5aR5cWBXbjT4M5tK,6:09,25/02/2026,357,POLITICA
25/02/2026,P1,5,NEXT,9,PL Antifaccao segue para sancao do presidente Lula,Jovem Pan News,https://youtu.be/ppkYv-DmxLw?si=0ydFQHC2lQ8wsS-8,3:22,25/02/2026,4600,POLITICA
25/02/2026,P1,5,NEXT,10,Presidente da ADPF critica PL Antifaccao apos mudancas no texto aprovado na Camara,SBT News,https://youtu.be/Nd4kGF0cDOc?si=Fr8e7KV1Puw6Orev,5:00,25/02/2025,149,POLITICA
25/02/2026,P2,5,HOME,1,30 dias seguindo isso e voce nunca mais ficara sem dinheiro,Fran Lima Daily,https://youtu.be/M5MQIymk040?si=ezcsxJ93WIEdp6bs,10:32,23/02/2026,7400,FITNESS
25/02/2026,P2,5,HOME,2,LISTA DE LANCHES QUE NAO ENGORDAM NO EMAGRECIMENTO,Vivi Winkler,https://youtu.be/l3shIM39_94?si=kAU5AxofzUYrxNQB,6:37,13/02/2026,20000,FITNESS
25/02/2026,P2,5,HOME,3,"METAS, VIDA INTERIOR E SAUDE MENTAL",Ana Lidia Lopes,https://youtu.be/eEUii9EhinY?si=VM3eTVYbJ8HIa_SP,16:28,23/02/2026,7900,FITNESS
25/02/2026,P2,5,HOME,4,VOCE PRECISA DESAPARECER,Fe Alves,https://youtu.be/jW9DWIOrFuk?si=-oKF49ysMVIC1-6i,10:40,06/02/2026,60000,FITNESS
25/02/2026,P2,5,HOME,5,Quadril travado depois dos 35? O que fazer antes do agachamento,Vzunck,https://youtu.be/u_EOsW1Fuis?si=NLvKhQb_1aju44Ha,3:33,09/02/2026,248,FITNESS
25/02/2026,P2,5,HOME,6,Se voce e AMBICIOSO mas e PREGICOSO assista esse video,Leandra Santos,https://youtu.be/ZWYheuFOq_g?si=vyuSzedlR-qTLRTW,4:55,29/04/2025,2200000,FITNESS
25/02/2026,P2,5,HOME,7,Jejum na pratica para SECAR,Lola Queren,https://youtu.be/wHGTjzxulNA?si=0UCNV1G6soZ52xXM,28:25,18/02/2026,7400,FITNESS
25/02/2026,P2,5,HOME,8,NAMORE SUA SAUDE EMOCIONAL,Augusto Cury,https://youtu.be/3cfc_RASJWs?si=G_64P5yafBGnSpgU,6:04,19/02/2026,17000,FITNESS
25/02/2026,P2,5,HOME,9,Me de 10 Minutos e Voce Vai Mudar Sua Vida,Paulo Vieira,https://youtu.be/RMacZX-edqw?si=BsyG7xxc9gR8Aq-b,10:55,17/02/2026,39000,FITNESS
25/02/2026,P2,5,HOME,10,Treino PRE-CARNAVAL,SECA 30,https://youtu.be/ZDsGetK49gY?si=y8UYmAukx_-wG10u,8:10,09/02/2026,654,FITNESS
25/02/2026,P2,5,NEXT,1,Secar e definir pernas gluteos e parte interna da coxa,Carol Borba,https://youtu.be/hWE9djsSTi4?si=pLfzTZYKX-2KjfKc,7:29,05/02/2025,210000,FITNESS
25/02/2026,P2,5,NEXT,2,PERCA CALORIAS FAZENDO GINASTICA AEROBICA | Junior Scaranelo,Nice One Academia,https://youtu.be/nDat4qMA0_g?si=UYM5RdB091-P5r7j,7:44,10/04/2020,220000,FITNESS
25/02/2026,P2,5,NEXT,3,Como montar uma boa aula so com a BOLA SUICA em 5 minutos!,VOLL TV,https://youtu.be/Ag8RT3BNkWM?si=A5JLaIXgYS9A7ary,9:08,25/02/2026,138,FITNESS
25/02/2026,P2,5,NEXT,4,Como endurecer o bumbum e as pernas em casa em 1 mês - Desafio agachando com Carol Borba,Carol Borba,https://youtu.be/6YJ7DUvuBkE?si=QrX4x-mE9mXa5gGV,8:20,06/02/2025,130000,FITNESS
25/02/2026,P2,5,NEXT,5,Como transformar suas pernas treinando em casa - Desafio 100 agachamentos - Carol Borba,Carol Borba,https://youtu.be/gnBNaBCumfM?si=aYeGVIqhI7kagaLu,7:51,10/02/2025,110000,FITNESS
25/02/2026,P2,5,NEXT,6,FIZ 100 AGACHAMENTOS POR DIA DURANTE 1 MES! Deu resultado?,Myla Liv,https://youtu.be/1VTHvYc14x4?si=U9SB5MOBnLR5ZrO5,12:32,16/03/2021,52000,FITNESS
25/02/2026,P2,5,NEXT,7,TREINO DE PERNA E GLUTEO COMPLETO que voce nunca mais vai esquecer,Tay Training,https://youtu.be/aCgXMyw4imY?si=1mRqKq9rdrt7pcCA,11:46,31/07/2022,730000,FITNESS
25/02/2026,P2,5,NEXT,8,Desafio do Agachamento #03 - 100 agachamentos por dia,Carol Borba,https://youtu.be/hOw0uRd0WyQ?si=mVZBwxrjrK_hC5DZ,5:58,07/10/2020,690000,FITNESS
25/02/2026,P2,5,NEXT,9,Os 2 PRINCIPAIS Exercicios para Gluteos Fortes e Redondos,Tay Training,https://youtu.be/0nnFob_Q6fM?si=ddhzyIo0PXq8irxz,12:43,24/02/2026,21000,FITNESS
25/02/2026,P2,5,NEXT,10,Secar e definir pernas gluteos e parte interna da coxa -DESAFIO de 30 dias,Carol Borba,https://youtu.be/4cbPWhVASM0?si=FKTOGuqJgFgqKJn9,7:29,05/02/2025,210000,FITNESS
25/02/2026,P3,5,HOME,1,Novo Galaxy S26 Ultra,JG Tech,https://youtu.be/IyTfFrBoiNc?si=m9CKZGHu6zvdus9w,10:31,25/02/2026,19000,TECNOLOGIA
25/02/2026,P3,5,HOME,2,Como Conectar 2 MONITORES em 1 NOTEBOOK,FF26 Tech | Fernando Fuvio,https://youtu.be/pzDGsgTvqQM?si=4sIkX3A-rVTWmnHG,4:21,07/07/2021,310000,TECNOLOGIA
25/02/2026,P3,5,HOME,3,5 MOTIVOS que me fizeram escolher o LENOVO LOQ,Zetta,https://youtu.be/qHIvt8NrY0k?si=LAfgSfG-lJN3bqE5,9:40,25/02/2026,750,TECNOLOGIA
25/02/2026,P3,5,HOME,4,GALAXY A37 5G,Rafael Nunes,https://youtu.be/g3liHQw3cCI?si=IA--3C3Q6qpRT_86,8:49,10/02/2026,1060,TECNOLOGIA
25/02/2026,P3,5,HOME,5,"Se MEXE C#R#LH0, Va Atras Dos Seus Sonhos ",Clovis de Barros,https://youtu.be/qy9Fwsg-L1g?si=hLsvtO1dk44CKo6V,2:44,18/02/2026,390000,TECNOLOGIA
25/02/2026,P3,5,HOME,6,OPPO ouviu o Brasil?,Oficina da Net,https://youtu.be/s96zFQF3Gag?si=C7uCtFmnYPq_iziU,6:26,25/02/2026,6000,TECNOLOGIA
25/02/2026,P3,5,HOME,7,INSTALANDO a NOVA ONE UI 8.0,Young Rock Tech,https://youtu.be/VchOGNCjcos?si=0k5qwmE2yiwE2WxW,12:36,19/02/2026,12000,TECNOLOGIA
25/02/2026,P3,5,HOME,8,O Fim dos Cabos ruins!,Engenharia Detalhada,https://youtu.be/1VCKyai3PVI?si=9bfZ3csALIfxo0D0,10:55,29/07/2024,200000,TECNOLOGIA
25/02/2026,P3,5,HOME,9,O que eu uso no meu Macbook pra Programar? 🇺🇸,Pedro Passos,https://youtu.be/O-YzJEd3xQ4?si=fwSt7DFsCC-cVRhk,14:05,04/05/2025,36000,TECNOLOGIA
25/02/2026,P3,5,HOME,10,MELHORES Celulares BOM e BARATO em 2026!,Intec,https://youtu.be/yhWDcUPsp_U?si=r8lZ_gIgFJ4UVMiy,17:01,09/02/2026,7300,TECNOLOGIA
25/02/2026,P3,5,NEXT,1,O Positivo RM15M E BOM MESMO?,Gabriel de Pinho,https://youtu.be/TV3nz70XI04?si=seS9OKFgvbH_rQjT,11:52,28/11/2025,36000,TECNOLOGIA
25/02/2026,P3,5,NEXT,2,USB-C NAO DA VIDEO?,Alishow Variedades,https://youtu.be/uPFgzbiu07M?si=5XQ_hPgSc5TTPYwn,8:49,25/02/2025,17000,TECNOLOGIA
25/02/2026,P3,5,NEXT,3,Dell XPS 13 vs MacBook Air,Gabriel de Pinho,https://youtu.be/qRrpSLmNgFo?si=TBLbkcPuIlk4kXeD,10:35,05/11/2025,21000,TECNOLOGIA
25/02/2026,P3,5,NEXT,4,Dell Alienware,TecMundo,https://youtu.be/Z0Vyw5Z4224?si=MPlvj6GuyC1CtFm1,8:48,07/01/2025,10000,TECNOLOGIA
25/02/2026,P3,5,NEXT,5,Mac Mini M4 HUMILHA PC GAMER?,Gabriel de Pinho,https://youtu.be/7GcaOp4K1mU?si=F4C6oscrq4wcx0_K,10:02,09/01/2026,44000,TECNOLOGIA
25/02/2026,P3,5,NEXT,6,Como saber se seu notebook e monitor suportam passar video,Victor Viana,https://youtu.be/-qtlEiI71Wc?si=npHOi45c8pt2K79A,6:47,29/03/2023,48000,TECNOLOGIA
25/02/2026,P3,5,NEXT,7,Montei o SETUP DOS SONHOS,Gabe Indica,https://youtu.be/vboq6haInVo?si=bqvYLq2SCTCAbPMe,7:33,18/10/2025,75000,TECNOLOGIA
25/02/2026,P3,5,NEXT,8,O notebook mais premium de 2025,Lipe Mal Estar,https://youtu.be/eeODLwDoQS4?si=aer21exYYLq4GqSi,24:26,09/06/2025,65000,TECNOLOGIA
25/02/2026,P3,5,NEXT,9,5 MOTIVOS que me fizeram escolher o LENOVO LOQ,Zetta,https://youtu.be/qHIvt8NrY0k?si=_U5_CH14NCpe5JzQ,9:41,25/02/2026,287,TECNOLOGIA
25/02/2026,P3,5,NEXT,10,Ultra PC do Lancador de teia,Web Shooter,https://youtu.be/RrUJmYUFM8g?si=7afNiTeneabXGIZD,26:32,11/04/2025,13000,TECNOLOGIA
25/02/2026,P4,5,HOME,1,A importancia de ter hobbies e fazer trabalhos manuais,Drauzio Varella,https://youtu.be/8P-zRYfbmYQ?si=axYr17yowrLjuorD,2:22,24/03/2025,1900000,NEUTRO
25/02/2026,P4,5,HOME,2,Jovens buscam atividades analogicas para driblar vida “on-line”,Jornalismo TV Cultura,https://youtu.be/cvgBGyOKiEE?si=1IEGvhibgAu90RZ8,2:44,23/02/2026,16000,NEUTRO
25/02/2026,P4,5,HOME,3,DEPOIS QUE FIZ FRANGO DESSA FORMA NUNCA MAIS PAREI DE FAZER!!!,top cozinha,https://youtu.be/bNoAfSLIMRw?si=XSxnK-FhIa4iMK6y,4:01,08/10/2020,2200000,NEUTRO
25/02/2026,P4,5,HOME,4,Rabdomiolise: entenda a doenca da urina preta provocada por excesso de exercicios físicos,Fala Brasil,https://youtu.be/Uel-uE-olso?si=lAcpU_wcqPQnnQpU,3:26,18/02/2026,34000,NEUTRO
25/02/2026,P4,5,HOME,5,Excesso de telas afeta cerebro infantil e amplia vicios digitais no Brasil,Domingo Espetacular,https://youtu.be/zWHqX27R-PI?si=PwsW7DCSMbPEx9Z8,4:32,22/02/2026,26000,NEUTRO
25/02/2026,P4,5,HOME,6,JN: STF condena irmaos Brazao a 76 anos de prisao pelo assassinato de Marielle e Anderson,g1,https://youtu.be/DPk4FE5xYwc?si=tS-H8oxkzMCaCpY2,3:29,25/02/2026,2600,NEUTRO
25/02/2026,P4,5,HOME,7,Chuvas em MG: Familias buscam reconstruir vidas em cidades atingidas por temporais,CNN Brasil,https://youtu.be/IjusB2mb4cU?si=0207MwQV44wca515,3:38,25/02/2026,438,NEUTRO
25/02/2026,P4,5,HOME,8,Cuba afirma ter matado 4 ocupantes de lancha com registro dos EUA,SBT News,https://youtu.be/K59n_JwZq_k?si=nLtpKkQPZWw9d540,1:33,25/02/2026,374,NEUTRO
25/02/2026,P4,5,HOME,9,"QUAL AEROBICO QUE EMAGRECE MAIS? ESTEIRA, BICICLETA OU TRANSPORT?",Seu Personal Gabriel,https://youtu.be/WVYK6cTArRA?si=fmmVOaW56I9Wpo8L,3:34,09/02/2022,4600,NEUTRO
25/02/2026,P4,5,HOME,10,A MELHOR CARNE DE PANELA COM LEGUMES,Claudia Oliveira Receitas,https://youtu.be/4mM3udEBl-8?si=FnTvcL4YqA3OMrQH,3:32,20/05/2025,298000,NEUTRO
25/02/2026,P4,5,HOME,1,Flavio Bolsonaro anuncia PEC para acabar com reeleicao presidencial,SBT News,https://youtu.be/DOVEYrqQ7Ys?si=pR1BTvFb9owSbOHQ,5:19,25/02/2026,8700,NEUTRO
25/02/2026,P4,5,HOME,2,"NFC, 120Hz, POTENTE, 5G, 990 reais!",Tuk,https://youtu.be/90sRRqxV_kI?si=BCqWIBTBzR2pJCSs,6:26,21/04/2024,144000,NEUTRO
25/02/2026,P4,5,HOME,3,NUOVI SAMSUNG GALAXY S26 ULTRA,Amer Nour,https://youtu.be/ligqScZijh0?si=EXuZ5zZATr-J8Cek,5:03,25/02/2026,199,NEUTRO
25/02/2026,P4,5,HOME,4,Como o cancer de mama e formado?,Drauzio Varella,https://youtu.be/Vu0b1p4FDXM?si=OQsYD0xbospkDxT_,6:22,09/10/2023,192000,NEUTRO
25/02/2026,P4,5,HOME,5,É tao delicioso que voce vai querer fazer todos os dias!,Leicht & lecker,https://youtu.be/sB2CumMPBCw?si=y2PwUER90imECTJb,3:14,05/11/2025,1800000,NEUTRO
25/02/2026,P4,5,HOME,6,Notebook BOM e BARATO para ESTUDAR (Asus Vivobook Go 15 vs Lenovo Ideapad 1),Hora de Review,https://youtu.be/u70y48OrhNA?si=MGN5nhC6Ar3Ze6vg,2:04,13/06/2025,47000,NEUTRO
25/02/2026,P4,5,HOME,7,Fim da Escala 6x1,Jornal da Record,https://youtu.be/fbVtBthgiO8?si=Q4RDgW6Nntp-Y2o5,5:03,23/02/2026,125000,NEUTRO
25/02/2026,P4,5,HOME,8,BCAA - bom ou ruim?,Dr. Giorelli,https://youtu.be/2W47socxdtQ?si=ncy3DrSZ_hIpUk2p,2:53,16/05/2019,7400,NEUTRO
25/02/2026,P4,5,HOME,9,ATUALIZOU! iOS 26.3 ERA O QUE MEU ANDROID QUERIA e BATERIA!,Tuk,https://youtu.be/xzMglTB8nfI?si=1UGQlzzGYTwUuXT3,8:37,12/02/2026,60000,NEUTRO
25/02/2026,P4,5,HOME,10,Por Lucinda Pinto: Mercado de credito da sinais de preocupacao |,CNN Brasil Money,https://youtu.be/eFIERierPw4?si=u6DD5TIfSqxFkhF1,9:06,25/02/2026,586,NEUTRO