perfil,dia,fonte,posicao,posicao_mmr,canal,tema,titulo,url
P1,1,HOME,1,1,Gustavo Gayer Deputado Federal,POLITICA,BATEU O DESESPERO - LULA recebe pesquisas internas mostrando Flavio na frente,https://youtu.be/9m9cLQuVMV4?si=US-q9PnCfA0fo1xk
P1,1,HOME,2,2,SBT News,POLITICA,Suprema Corte dos EUA declara ilegais tarifas globais de TRUMP,https://youtu.be/FcRyOFwWW2E?si=rzemdUbgFhRgPt6i
P1,1,HOME,3,3,Lula,POLITICA,Presidente Lula e recebido em cerimonia oficial de de boas-vindas na India,https://www.youtube.com/live/ezyoGnxTosY?si=sdNJveP-R-zoPquI
P1,1,HOME,4,4,UOL,POLITICA,Ciro Nogueira reage a decisao de Bolsonaro em SC e defende racha de alianca,https://youtu.be/W1kkDe0SJ3Q?si=dyl62-3LPTTx1iTe
P1,1,HOME,5,5,g1,POLITICA,"JN: pela primeira vez em 400 anos, integrante do alto escalao da familia real britanica e preso",https://youtu.be/FTva7gu87Xo?si=_8HXGh_AnbUuDBEg
P1,1,HOME,6,6,CNN Brasil,POLITICA,Lula se reune com CEO do Google em cupula de AI na India,https://youtu.be/ovsN_eNKIZM?si=kyHDiCoG2QidtRuA
P1,1,HOME,7,7,Record News,POLITICA,Trump afirma que vai aumentar 'Tarifa Mundial' de 10% para 15%,https://youtu.be/SveMK0_Sp2A?si=CEGUnZvFGYwKUWTb
P1,1,HOME,9,8,Itatiaia,POLITICA,LULA FALA EM PRIORIDADE PARA AMPLIAR ACORDOS COMERCIAIS ENTRE MERCOSUL E INDIA,https://youtu.be/TdfuFlbBUMM?si=pT1ycPOtJ1GiR2XL
P1,1,HOME,10,9,ANCAPSU,POLITICA,JANJA arrumou BARRACO com a FILHA do LULA no CAMAROTE: CLIMA no CARNAVAL pesou DURANTE DESFILE,https://youtu.be/OjBGeLwQkqA?si=RU1ony7gf9q399xP
P1,1,HOME,8,10,CNN Brasil,POLITICA,Instrutor e aluna morrem apos queda de asa-delta no mar do Rio de Janeiro,https://youtu.be/wYgpwmVKmYU?si=vLUdy5FNv88PYm5U
P1,1,NEXT,1,1,g1,POLITICA,"JN: na Argentina, deputados aprovam reforma trabalhista proposta pelo governo de Javier Melei",https://youtu.be/nRo3ebw5jYs?si=Yf-6OBdijChrFYQW
P1,1,NEXT,2,2,SBT News,POLITICA,Trump anuncia tarifa global de 10% apos decisao da Suprema Corte acabar com tarifaco,https://youtu.be/BWUtGlRyFJ0?si=ZHERKL_ISVL-3rGz
P1,1,NEXT,3,3,Safras & Mercado,POLITICA,"Confira a analise tecnica dos graos, commodities e e dolar - O que Dizem os Graficos",https://youtu.be/7OXgU3B8cTA?si=0hhEK-TPi5YACdrZ
P1,1,NEXT,4,4,Itatiaia,POLITICA,IBOVESPA BATE NOVA MAXIMA HISTORICA!,https://youtu.be/wL4tedtkOmE?si=q0iMx_D6dS9cpb3y
P1,1,NEXT,5,5,UOL,POLITICA,"Dolar cai a R$ 5,17, menor valor desde 2024, e Bolsa supera 190 mil pontos",https://youtu.be/x7KPElByLVI?si=ebj-gVDd3e1CQ2xf
P1,1,NEXT,6,6,Band Jornalismo,POLITICA,Donal Trump vai liberar arquivos sobre ETs; entenda,https://youtu.be/3I_cFSjTrtw?si=8TPfAMipfZ4hRnW5
P1,1,NEXT,9,7,Jovem Pan News,POLITICA,"Dolar recua para R$ 5,17 e atinge menor patamar em quase 2 anos apos decisao nos EUA",https://youtu.be/PEK0O8bq-dY?si=FXO9LGxIDJFGX5Y7
P1,1,NEXT,10,8,TIMES BRASIL,POLITICA,Trump eleva tarifas para 15% e analise aponta riscos politicos e economicos; entenda,https://youtu.be/zrbvW-qvBbI?si=BHffw1FiWtT-VWn2
P1,1,NEXT,7,9,g1,POLITICA,JN: bom momento do mercado de trabalho no Brasil nao escondem desigualdades que ainda existem,https://youtu.be/M0dRzW4Tojs?si=P4yFrSUS4sbyfdV6
P1,1,NEXT,8,10,g1,POLITICA,Trump chama juizes da Suprema Corte dos EUA de 'canalhas' apos a derrubada do tarifaco,https://youtu.be/eiqoRZPPAjI?si=lCH1_gV0g5t9-NI5
P1,2,HOME,1,1,SBT News,POLITICA,Brasil e India fecham acordo sobre minerais criticos e terras,https://youtu.be/7dGzLB8tMDM?si=xNtLUUU882TC9Cw7
P1,2,HOME,2,2,TIMES BRASIL,POLITICA,Servico secreto dos EUA mata a tiros homem que invadiu resort de Trump em Mar-a-Lago,https://youtu.be/xHLjRr_x8tk?si=h8VwWKj2K1zYgCB8
P1,2,HOME,3,3,CNN Brasil,POLITICA,Chefe do cartel de Jalisco morre apos operacao militar no Mexico,https://youtu.be/2gUYLRknYJg?si=5MnLIIODX4NRAMMn
P1,2,HOME,4,4,Record Brasilia,POLITICA,Parque Nacional de Brasilia fecha piscinas da Agua Mineral apos fortes chuvas,https://youtu.be/2XSuHrt9hb8?si=EyE5EqjlVQLFd49I
P1,2,HOME,5,5,Investidor Sardinha | Raul Sena,POLITICA,A economia nos 3 anos do governo Lula,https://youtu.be/NrR7G2FDHVA?si=nRcRHNelIqZkXPWY
P1,2,HOME,6,6,AFP Portugues,POLITICA,Guanipa recebe anistia e pede por 'Democracia' e 'liberdade' na Vanezuela,https://youtu.be/NFPBbifFDoM?si=2nwrcP5pLWGA6sSk
P1,2,HOME,7,7,Poder360,POLITICA,"Lula e recebido com flores em hotel em seul, na Coreia do Sul",https://youtu.be/ZRAsCAyeuZA?si=UVX3nCfhv9Op0iab
P1,2,HOME,8,8,Metropoles,POLITICA,Brasil sera maior beneficiado com novas tarifas de Trump,https://youtu.be/JP_L-MTTzxU?si=IYzB7UPqPzAM09wH
P1,2,HOME,10,9,O POVO,POLITICA,Saiba quem sao as vitimas do acidente com lancha na divisa entre SP e MG,https://youtu.be/Rk9Utl4iCRc?si=3Zwbd61GGw9poZS5
P1,2,HOME,9,10,Poder360,POLITICA,Lula afirma que Modi o surpreendeu com jingle da campanha,https://youtu.be/ptS7qyynoWw?si=NpS0i6iBj5kA6IQy
P1,2,NEXT,1,1,Poder360,POLITICA,"Lula diz que levara Receita, PF e Justica para",https://youtu.be/DcehQYINSp0?si=LJsdH42Eodqwz7iN
P1,2,NEXT,2,2,CNN Brasil,POLITICA,"Lula diz estar ""aliviado"" por nao ter tido pressa nas negociacoes",https://youtu.be/ZjSihWv9sNA?si=69hRaIi8iKCKAAEx
P1,2,NEXT,3,3,Terra Brasil,POLITICA,"Na India, Lula fala em 'dominacao' de empresas de",https://youtu.be/79HSSHOFt-8?si=ZM_d1XsdC6RT_ebO
P1,2,NEXT,6,4,Metropoles,POLITICA,Brasil sera maior beneficiado com as novas tarifas de Trump,https://youtu.be/JP_L-MTTzxU?si=orlOQBOy2JrF-kJd
P1,2,NEXT,7,5,Jornalismo TV Cultura,POLITICA,Investimentos em ferrovias devem somar 140 bilhoes,https://youtu.be/fpD7as-_PT4?si=C3NAOjBw_B3zU666
P1,2,NEXT,8,6,Jovem Pan News,POLITICA,"Alckmin reage a decisao de Trump: ""Tarifa global e benefica",https://youtu.be/QniUP49PZwM?si=1xpJMCr-JSl6NLDG
P1,2,NEXT,9,7,Itatiaia,POLITICA,LULA CELEBRA QUEDA DE TARIFAS NA SUPREMA CORTE,https://youtu.be/DOZ3uFlElSA?si=3n2EFqIXujIkvZt_
P1,2,NEXT,4,8,Terra Brasil,POLITICA,"Nao queremos nova Guerra Fria', diz Lula apos Trump ",https://youtu.be/O8tCyr_vCdo?si=3rZnDwyn14eK3jPP
P1,2,NEXT,5,9,Poder360,POLITICA,Viana destaca capa de jornal patrocinada pela Vale na India,https://youtu.be/t3K10fdyR1U?si=NlUUJ0ng00WI5XIx
P1,2,NEXT,10,10,Poder360,POLITICA,Lula afirma que Modi o surpreendeu com jingle da campanha,https://youtu.be/ptS7qyynoWw?si=NGoVrb85bfdRYjzq
P1,3,HOME,1,1,CNN Brasil,POLITICA,Haddad entregara estudos sobre tarifa zero em ate abril,https://youtu.be/YxV2t9b3NEM?si=LFoSKBOJbWA-IQiU
P1,3,HOME,2,2,SBT News,POLITICA,Video de Michelle fritando bananas movimenta em meio a crise com Eduardo,https://youtu.be/7XQDs4rQ360?si=OU3cwqwpeZfB3Yuw
P1,3,HOME,3,3,UOL,POLITICA,Governo Lula e Hogo Motta atuam para acelerar fim da escala 6x1,https://youtu.be/_4aAPyFTP_U?si=tdOom79fz4vQysYG
P1,3,HOME,4,4,g1,POLITICA,Brasil e Coreia do Sul assinam acordos sobre cooperacao em minerais ,https://youtu.be/1wSOFB-pyvw?si=SWFtA_0JK71Gw80N
P1,3,HOME,5,5,Brasil Urgente,POLITICA,Morte de dono de cartel causa caos no Mexico,https://youtu.be/RqWse0fmn2k?si=2Ir8uPjpSVvan8fy
P1,3,HOME,7,6,Jornal da Record,POLITICA,Lula busca investimentos bilionarios em visita oficial a Coreia do Sul,https://youtu.be/WmflC4c2Sdc?si=Gy1AE-YC3EyfzmvO
P1,3,HOME,8,7,Record News,POLITICA,Rebanho bovino dos EUA cai ao menor nivel em 75 anos,https://youtu.be/R9p0zmM7QPQ?si=5lEsA5T34xph9DOy
P1,3,HOME,9,8,Jovem Pan - 3 em 1,POLITICA,TENSAO DIPLOMATICA? Uniao Europeia congela acordo com os EUA,https://youtu.be/_G_q2g7UNN8?si=qkLKgmElRZ85s3VV
P1,3,HOME,6,9,CNN Brasil,POLITICA,"Pais que fizer ""joguinhos"" tera taxas mais altas, diz Donald Trump",https://youtu.be/EzyNmNIeT1w?si=2Nh8HRPVp4eBNeKE
P1,3,HOME,10,10,CNN Brasil,POLITICA,Mexico: Panico toma conta de aeroporto apos morte de El Mencho,https://youtu.be/7dNtkJ4csfE?si=tuNbcCqKZ2Mgyl2E
P1,3,NEXT,1,1,Jovem Pan - 3 em 1,POLITICA,Boulos sobre eleicoes 2026,https://youtu.be/-WrYNW-P14k?si=BKWOl9RtZBj3LMEf
P1,3,NEXT,2,2,Record News,POLITICA,Congresso retoma trabalhos com foco no fim da escala 6x1,https://youtu.be/f078ssix1X8?si=aRtNI8k2M6NLk6sh
P1,3,NEXT,3,3,CNN Brasil Money,POLITICA,Governo brasileiro aumenta imposto de importacao,https://youtu.be/9caLYOB1vuY?si=MxKuz5PEvq3Gyc-Y
P1,3,NEXT,4,4,Gustavo Gayer Deputado Federal,POLITICA,Aplaudido de pe nos EUA - Flavio Bolsonaro discursa,https://youtu.be/EqDA9cIGckY?si=BV1j2rDvwmS9oeBC
P1,3,NEXT,5,5,UOL,POLITICA,"Master: Vorcaro sugere depor ao Senado, mas ate que ponto",https://youtu.be/mQaXuRGW5ko?si=XpoqT5qY99tzfeqf
P1,3,NEXT,6,6,g1,POLITICA,JH: Regiao Sudeste do Brasil segue com alerta de temporal,https://youtu.be/DZemD7_cxhk?si=B8ePjwq9mVxzE7UK
P1,3,NEXT,7,7,CanalGov,POLITICA,Brasil registra em 2025 a menor taxa de desemprego da historia,https://youtu.be/89UOpvthYTQ?si=gVAewzvZ_gYN4Tfw
P1,3,NEXT,8,8,TIMES BRASIL,POLITICA,Brasil avanca para exportar carne bovina a Coreia do Sul,https://youtu.be/KHyCn1wXkHQ?si=8ZNOhZNIzddgjAIH
P1,3,NEXT,9,9,SBT News,POLITICA,Video de Michelle fritando bananas movimenta em meio a crise com Eduardo,https://youtu.be/7XQDs4rQ360?si=7R70lbRe_NgH3maN
P1,3,NEXT,10,10,O TEMPO,POLITICA,"Governo Lula ja gastou mais de R$ 1,4 bilhao em cartao",https://youtu.be/0K7agrOLAMU?si=FlZux8NLrwD9KQWj
P1,4,HOME,1,1,SBT News,POLITICA,Lula comenta tarifa de 15% anunciada por Trump,https://youtu.be/WVzZxMVkaLs?si=B1_Yav0fkSMrxBOy
P1,4,HOME,2,2,UOL,POLITICA,"Justica Eleitoral proibe Marcal de ir a bar, boate e casa de prostituicao",https://youtu.be/y_jFzkthiWM?si=U9CO2l5ajDypiP9O
P1,4,HOME,3,3,Folha de S.Paulo,POLITICA,"Real, 30 anos: entenda como plano economico que fundou a moeda",https://youtu.be/vbmKHoFWz00?si=wC8ti962ysgBfSCZ
P1,4,HOME,4,4,Brasil Urgente,POLITICA,Tragedia da chuva em MG: mortes e destruicao,https://youtu.be/zihtmQQ5wCE?si=KEOGqn47L2SlrSAs
P1,4,HOME,5,5,CNN Brasil,POLITICA,Eleicoes 2026: Douglas Ruas e candidato do PL ,https://youtu.be/I8Qc0CG4qkw?si=kghyj92Wvp1bqOfc
P1,4,HOME,6,6,Jornal da Record,POLITICA,"Em visita a Coreia do Sul, presidente Lula encerra viagem a Asia",https://youtu.be/wZmURZLmmE8?si=obu96TlDAkubGHzc
P1,4,HOME,7,7,Parabolica,POLITICA,CHINA ENTRA NO JOGO COM IRA ,https://youtu.be/6FpkTRhkD98?si=fWEe3uqjgpYQIIE8
P1,4,HOME,8,8,TIMES BRASIL,POLITICA,A estrategia militar de Trump contra o Ira e o risco no estreito de Ormuz,https://youtu.be/Cj7lxvPd10g?si=W98yWL1X1fxnzEx6
P1,4,HOME,9,9,g1,POLITICA,JN: Organizacoes da sociedade civil pedem que Lula vete,https://youtu.be/939h2FpdfLM?si=9IMH3vJQjCEoaYQD
P1,4,HOME,10,10,CNN Brasil,POLITICA,"Nao sou representante da ONU, diz Lula sobre conflito dos EUA com Ira",https://youtu.be/V8dfscd1kHY?si=MPN1s3yZXyqQpG9N
P1,4,NEXT,1,1,SBT News,POLITICA,Hugo Motta nega supersalarios e diz que solucao depende do Executivo,https://youtu.be/DYApB0jEyhA?si=BPhw4ILzESyopopp
P1,4,NEXT,3,2,CNN Brasil,POLITICA,Bolsa renova recorde e supera 191 mil pontos,https://youtu.be/ziNMAoTKY9I?si=_QXuV4vmcxj21XOH
P1,4,NEXT,4,3,UOL,POLITICA,Rean volta ao STF para rediscutir depoimento de Vorcaro,https://youtu.be/Co486PZKBdc?si=8VtmYvoRFbiN7FP4
P1,4,NEXT,5,4,Record News,POLITICA,Novas tarifas dos EUA entram em vigor com taxa mais baixa de 10%,https://youtu.be/AhSTDmbTGmk?si=ZFbwN4SjdiJaDdaZ
P1,4,NEXT,6,5,O TEMPO,POLITICA,Petroleiros estao pressionando o governo para que Lula ajude Cuba,https://youtu.be/f8TB4t-zthM?si=yZjsvp8qHkJG2AF4
P1,4,NEXT,7,6,Metropoles,POLITICA,O que acontece apos viagem de Lula a Asia,https://youtu.be/dMSha1elznE?si=9XB_RMAjT1J6A1Ur
P1,4,NEXT,8,7,CanalGov,POLITICA,Governo revoga decreto de estudos para concessao de hidrovias na Amazonia,https://youtu.be/G7Rq1qkLqbY?si=G0OcLIS8dmywD0R7
P1,4,NEXT,10,8,g1,POLITICA,JH: Guerra entreUcrania e Russia completa 4 anos,https://youtu.be/cQjg19nGLuU?si=6z9IDk8okx7fm9Gk
P1,4,NEXT,2,9,SBT News,POLITICA,Juiz de fora acumula 584 mm e evacua areas de risco,https://youtu.be/WHJfM8TpaYI?si=cOpOaLFgdRVFa66U
P1,4,NEXT,9,10,SBT News,POLITICA,Sobrinho dos Brazao critica delacao e defende inocencia no caso Marielle,https://youtu.be/P-KMz00gvVQ?si=XDqnAJHTB8PrbSVI
P1,5,HOME,1,1,CNN Brasil,POLITICA,Discurso do Estado da Uniao de Trump ,https://youtu.be/FQ9QLbNXqHM?si=gEGL8ldvhvdKoZMN
P1,5,HOME,2,2,SBT News,POLITICA,Entenda o que muda apos a camara aprovar o PL Antifaccao,https://youtu.be/n-6unvjyxxk?si=1Uokgx8OOf1avURO
P1,5,HOME,3,3,TNT Sports Brasil,POLITICA,VINI JR. E DECISIVO DE NOVO,https://youtu.be/-IY1hnDpQEk?si=6Ya62CIvFuAQhlPn
P1,5,HOME,4,4,92 News HD,POLITICA,Mais um primeiro-ministro enfrenta voto de desconfianca,https://youtu.be/lVOxjVoGtBc?si=fR1lCOTJ9wwLBU2_
P1,5,HOME,6,5,Radio BandNews FM,POLITICA,Desembargador que absolveu homem por estupro de menina,https://youtu.be/LQAUq6nBnFo?si=nJqCJil5qip6Q2zG
P1,5,HOME,7,6,Jovem Pan News,POLITICA,Chanceler da Alemanha chega a China apos ofensivas de Donald ,https://youtu.be/uvhq5Dz0zOs?si=W41qMC74am4PDlFU
P1,5,HOME,8,7,JA Cortes,POLITICA,FLAVIO BOZO INVENTA A MAIOR FAKE NEWS DE TODAS ,https://youtu.be/M-8phUr2nxQ?si=SFuezxA1Tv_Vh15E
P1,5,HOME,9,8,Salem News Channel,POLITICA,A economia de Trump esta crescendo rapidamente,https://youtu.be/jJEUaVQ67Jw?si=OJwIxbO4ri6SOAzN
P1,5,HOME,10,9,Rede TVT,POLITICA,Presidente do Instituto Vox Populi aposta em Lula forte e vitoria,https://youtu.be/S0RxR0J3xt4?si=-mdgl0mO_LkkpOt7
P1,5,HOME,5,10,SBT News,POLITICA,Primeira Turma fixa penas para acusados no caso Marielle,https://youtu.be/Qw-S_HnmHRw?si=0P6sllnbLracZt0S
P1,5,NEXT,1,1,SBT News,POLITICA,Camara livra bets de pagar R$ 30 bi apos manobra,https://youtu.be/7KLxMD8jluw?si=ncM3TxSHtJojILFB
P1,5,NEXT,2,2,CNN Brasil,POLITICA,Lula aparece a frente de todos os candidatos no 1 turno,https://youtu.be/iOtDsUdvEtE?si=2qofCcHhnVyjeZ9P
P1,5,NEXT,3,3,Record News,POLITICA,"Apos visita a Bolsonaro, Flavio tenta apziguar briga entre Eduardo",https://youtu.be/KrvUhEhUU5c?si=HWPtQUWJHU-qG0bq
P1,5,NEXT,4,4,CanalGov,POLITICA,Delegacoes de paises africanos e governo do Brasil realizam intercambio ,https://youtu.be/TTEDvxlR2wI?si=u8PGn9GQMd5maG6e
P1,5,NEXT,5,5,Poder360,POLITICA,Motta diz aceitar com naturalidade possiveis vetos,https://youtu.be/2_Q5tDnPgZE?si=mqCGf5nXXDDuR3KJ
P1,5,NEXT,7,6,Radio Bandeirantes,POLITICA,Camara aprova PL Antifaccao e endurece ,https://youtu.be/xJrag-Qb_pc?si=3nlBMqIXldvsiIkc
P1,5,NEXT,9,7,Jovem Pan News,POLITICA,PL Antifaccao segue para sancao do presidente Lula,https://youtu.be/ppkYv-DmxLw?si=0ydFQHC2lQ8wsS-8
P1,5,NEXT,6,8,CNN Brasil,POLITICA,Congresso ve maioria para derrubar veto da dosimetria,https://youtu.be/vrMpBubBKN0?si=egF-yYxLViP_d5eH
P1,5,NEXT,8,9,Poder360,POLITICA,"Oposicao protocola ""impeachmaco"" de ministros de Lula",https://youtu.be/HJ2O0SZPEkM?si=5aR5cWBXbjT4M5tK
P1,5,NEXT,10,10,SBT News,POLITICA,Presidente da ADPF critica PL Antifaccao apos mudancas no texto aprovado na Camara,https://youtu.be/Nd4kGF0cDOc?si=Fr8e7KV1Puw6Orev
P2,1,HOME,1,1,Mariana Santos,FITNESS,10 SEGREDOS DA NEUROCIENCIA para que nada (e ninguem) te afete,https://youtu.be/Z_awCa8Ko_M?si=ZuPbOH5hPSW14Xd_
P2,1,HOME,2,2,Carol Iasmim,FITNESS,10 formas de ser visto como referencia,https://youtu.be/6qQW00leg5I?si=xS3E-f4S1OjX_xNc
P2,1,HOME,3,3,Laercio Refundini,FITNESS,Treino de POSTERIOR DE COXA  Completo (Baseado na Ciencia),https://youtu.be/I85_HMUQiUk?si=aaHQwC_QVORWEfjD
P2,1,HOME,4,4,Vane Fit,FITNESS,BRACOS DEFINIDOS EM 20 minutos - Treino em casa,https://youtu.be/FngDojKgkJM?si=0Lg59tQsjjxh4Fxd
P2,1,HOME,5,5,Wany Santos,FITNESS,TREINO DE PERNAS E GLUTEOS INTENSO EM CASA,https://youtu.be/E_Il7glQfY0?si=txg0R3feIqCRSCjs
P2,1,HOME,6,6,Voce Magra,FITNESS,PAOZINHO de GEMAS com 3 INGREDIENTES 7g de Proteina e SEM FARINHA,https://youtu.be/5KQB0-IVFpU?si=JBeSWSVHcEJv7zOf
P2,1,HOME,7,7,Ecomka,FITNESS,como ganhar 10 mil reais trabalhando de casa,https://youtu.be/M_XpS8G7FDU?si=diflhcl9JZjNUwgy
P2,1,HOME,8,8,Tay Training,FITNESS,NUNCA MAIS precise do BULGARO para empinar o gluteo,https://youtu.be/yuhiRo-n9Uo?si=Rm_C51NIw4qcPoLe
P2,1,HOME,9,9,Clovis de Barros,FITNESS,"Se MEXE C#R#LH0, Va Atras Dos Seus Sonhos",https://youtu.be/qy9Fwsg-L1g?si=ITBhsfQvO5WulUPq
P2,1,HOME,10,10,Renata Lima,FITNESS,"Rotina produtiva (de verdade) as 4 da manha:habitos, treino, dicas",https://youtu.be/hTnVuaVl_4M?si=rlZYOh0FYVq50EPZ
P2,1,NEXT,1,1,Tay Training,FITNESS,Bracos secos e definidos com 3 dicas simples,https://youtu.be/01EggU0_guo?si=oE-__OIVThf-RC_n
P2,1,NEXT,2,2,Dayanne Lins,FITNESS,Pos-Treino para Pernas e Bumbum ,https://youtu.be/I2tA8DiTS2Q?si=D2Hvwr1e_OnD92TX
P2,1,NEXT,3,3,Augusto Cury - a gesao da emocao,FITNESS,Quebrar o Ciclo Vicioso da Dor Pode Estar Destruindo Voce (cuidados no autruismo),https://youtu.be/YD9p1u5w3jA?si=Ebhb8WnR_e-8jSC7
P2,1,NEXT,5,4,Treino de mae,FITNESS,OS 6 MELHORES ABDOMINAIS EM PE PRA PERDER BARRIGA,https://youtu.be/8bxrT1RbB1A?si=PjuGsk2LvltfV_tD
P2,1,NEXT,6,5,Geovana Matos,FITNESS,Vitamina caseira - me ajudou no ganho de massa muscular,https://youtu.be/fNPCH2WkUnY?si=gwJjvktlBcz0mGnN
P2,1,NEXT,7,6,Canal Esteticando - Monica Marlin,FITNESS,RESULTADO CHOCANTE! Apenas 1 exercicio e VEJA NO ESPELHO!,https://youtu.be/KUoWXTXALAU?si=Pv2iNLzORiaV061W
P2,1,NEXT,8,7,Dra Rosana Lahr,FITNESS,Medicos Estao Falando Mais Sobre Essa Vitamina e Circulacao,https://youtu.be/ehJIwZ_706A?si=cp1_PWyNkdnkCrZr
P2,1,NEXT,10,8,Dr. Mario Tenorio,FITNESS,Uma semente com 10 vezes mais colageno que caldo de ossos?,https://youtu.be/TiEpLpTwV_Q?si=T7oi8M3FL88vjtrv
P2,1,NEXT,4,9,Dayanne Lins,FITNESS,Como Aumentar de Peso de Forma Saudavel,https://youtu.be/TCPpzJMW1a8?si=fKqZBD6i3Z18JYuf
P2,1,NEXT,9,10,Tay Training,FITNESS,Como fazer o AFUNDO - O exercicio que da mais resultado,https://youtu.be/-oIl0YJGf9c?si=s9ToR6TUCkfG8LCD
P2,2,HOME,1,1,Isa Abrahao,FITNESS,MOBILIDADE DE gluteo,https://youtu.be/3JWn5qcY6iY?si=Bc2uk5GbVkmRFULl
P2,2,HOME,2,2,Guria de Negocios,FITNESS,2026 vai criar novos canais de milionarios,https://youtu.be/_iO2_s8fSVs?si=3B8gd3qSyXo2IwEP
P2,2,HOME,3,3,Dayanne Lins,FITNESS,ENGORDEI 8KG com ESSA VITAMINA!,https://youtu.be/45_9i0c3mCw?si=b9lzCsFklF65M3ol
P2,2,HOME,4,4,Mulher em Forma,FITNESS,Qual e o Exercicio Mais Eficaz para acabar com Bracos Moles?,https://youtu.be/lQm1RnxiNwo?si=FgKgTCdXS8Df6YWQ
P2,2,HOME,6,5,Tay Training,FITNESS,PARE DE FAZER ESSES EXERCICIOS INUTEIS AGORA,https://youtu.be/dSMXteLdZ80?si=JxDGY2-V6uUQREMH
P2,2,HOME,7,6,Dra Liliane Aranda,FITNESS,FLACIDEZ DO INTERNO DE COXA NUNCA MAIS!,https://youtu.be/raYPNd9VZ5A?si=f_u-3XISt7YhihEP
P2,2,HOME,8,7,Coco Cunha,FITNESS,A Habilidade que vai mudar a sua vida,https://youtu.be/t6KiRdMAE_U?si=FlUz77aMbkR39iOf
P2,2,HOME,10,8,Camila Grecco,FITNESS,Como nunca mais se afetar pela opiniao de ninguem,https://youtu.be/XpPta0VCX4M?si=fbVpitHIGAng93_v
P2,2,HOME,5,9,Dayanne Lins,FITNESS,Misture OVO CRU e LIMAO,https://youtu.be/WWwbvXfOrFo?si=uT1Loep4z6RdZJzD
P2,2,HOME,9,10,Guria de Negocios,FITNESS,5 DECISOES PRA TER DINHEIRO E INDEPENDENCIA FINANCEIRA,https://youtu.be/fk81ylS5vBY?si=YvZsEFR5inxMcd9j
P2,2,NEXT,1,1,Vane Fit,FITNESS,GORDURA NAS COSTAS? Treino pra TONIFICAR,https://youtu.be/33u3Ttoc2qo?si=k1SHsPNt2o2B1GBw
P2,2,NEXT,2,2,Habilidades Culinarias,FITNESS,SUCO DE MILHO CREMOSO DE VERDADE,https://youtu.be/U2iB9UStKoM?si=ZH7lfEM54hlXLv1t
P2,2,NEXT,3,3,Dra. Elisa Martins,FITNESS,Cafe sem Acucar aos 60+,https://youtu.be/GZSJCuxWJBA?si=DigOtaoGxOwKyRR2
P2,2,NEXT,4,4,Tay Training,FITNESS,Treino PESADO para CRESCER,https://youtu.be/ZrHMKIGWBf8?si=eMuwEJ7lWizfCQiC
P2,2,NEXT,5,5,Dayanne Lins,FITNESS,Basta 1 copo por dia,https://youtu.be/EOgW0NLhmoI?si=TMCMkciyVZacTVAc
P2,2,NEXT,6,6,"Treino, Simples.",FITNESS,O Que Acontece Se Voce Fizer Prancha de 2 Minutos Todos os dias,https://youtu.be/p4v5Kkr8UOA?si=V_0DlctL9UgNzYUT
P2,2,NEXT,7,7,Leiner Alves,FITNESS,TREINO COMPLETO ,https://youtu.be/Xe7i33ImuWc?si=KGIXdwbF33B51SXr
P2,2,NEXT,9,8,Nutricionista Patricia Leite,FITNESS,CAFE DA MANHA PERFEITO!,https://youtu.be/NkdTJpY6MyY?si=LEt0sGdUZIyg4qvG
P2,2,NEXT,10,9,Philipe PersoNutri - Treino em casa,FITNESS,ALONGAMENTO ANTES DO TREINO,https://youtu.be/-zsEl_fPNec?si=6xjxXQ2CHbpZKDca
P2,2,NEXT,8,10,Dayanne Lins,FITNESS,Voce NUNCA comeu TOMATE ASSIM,https://youtu.be/5X5ANCOqwi4?si=E_9R73hg288VTXg2
P2,3,HOME,1,1,Kiny,FITNESS,PLANO SEMANAL DE TREINO,https://youtu.be/SqldX6X5RGs?si=YnWPJh3TJPWz-c8U
P2,3,HOME,2,2,Pat Machadu,FITNESS,Como CRIAR CANAL e comecar no Youtube do jeito certo (2026),https://youtu.be/K5AXdMMzSDs?si=Gq77_lSstmlZjgcL
P2,3,HOME,3,3,O Estoico Sabio,FITNESS,"ESTUDE, TREINE, CALE-SE: Torne-se IRRECONHECIVEL",https://youtu.be/FSrVJaVtp0g?si=_7P5GsgxOYSjs6IT
P2,3,HOME,4,4,Mariana Santos,FITNESS,Eu IMPLORO para voce organizar sua vida,https://youtu.be/U1bt0SBdfJo?si=fYDYbtfgcT0VaHba
P2,3,HOME,5,5,Vane Fit,FITNESS,BRACOS DEFINIDOS EM 20 minutos - Treino em casa,https://youtu.be/FngDojKgkJM?si=Bgi595yA8bBSCm2v
P2,3,HOME,6,6,Camila sem gluten,FITNESS,PREPARANDO 20 MARMITAS POR R$115 ,https://youtu.be/RLAppOo9JMg?si=bUQS8vCdOOJsQ6ba
P2,3,HOME,7,7,Thali na Rotina,FITNESS,COMO DIVIDIR OS TREINOS EM CASA?,https://youtu.be/u3kIHWkH6wA?si=DPQ8p2-jaO8KZtLl
P2,3,HOME,8,8,Ana Desiderio,FITNESS,ESSA ORACAO MUDOU A MINHA VIDA,https://youtu.be/ZtYnE5v_-H8?si=qWT2ybW5sbdR-I-t
P2,3,HOME,9,9,Maria,FITNESS,Seja uma mulher interesseira,https://youtu.be/8DYZheY6boM?si=yLXM6En9TPegegkQ
P2,3,HOME,10,10,Vane Fit,FITNESS,TREINO PARA DEFINIR AS PERNAS,https://youtu.be/zzQYwQg5O9o?si=5QFAQyjLHZxRYORc
P2,3,NEXT,1,1,Tay Training,FITNESS,OS EXERCICIOS CHAVE PARA CRESCER AS COXAS,https://youtu.be/uf2B-ioKXhg?si=qoeZll1TbcekFuMQ
P2,3,NEXT,2,2,Leiner Alves,FITNESS,TREINO PARA SUPERIORES EM CASA,https://youtu.be/TFldTYWhLWw?si=ijtocUs0HF01T75P
P2,3,NEXT,3,3,Brandon Salowitz,FITNESS,Talking it the other way,https://youtu.be/QPXGi8jHtnM?si=xZwvi_ApMfsz_X7R
P2,3,NEXT,6,4,Suellen Farias,FITNESS,TREINO DE GLUTEO COM A MINHA AMIGA,https://youtu.be/Zk6sI8Wz5AE?si=xVIFx1vPQ2u3WyWd
P2,3,NEXT,7,5,BibiFitness,FITNESS,Aprenda de uma vez por todas como fazer o vacuum,https://youtu.be/FcKw_KrvxzY?si=VgvEmDb-ytF8k08s
P2,3,NEXT,9,6,Saulo Oliveira,FITNESS,Alongamento - voleibol,https://youtu.be/aCEkR5Hd4dc?si=ELMTS1_7tiQYu61M
P2,3,NEXT,4,7,Leiner Alves,FITNESS,VACUM+ AUTOMASSAGEM MODELADORA ,https://youtu.be/2YjWPPoCcOU?si=J0Uo9EQnV7nrW1BG
P2,3,NEXT,5,8,Tay Training,FITNESS,Gluteo empinado e redondinho,https://youtu.be/7ux6FwZ7Ssc?si=0ofgbWfkh8CZ4NU1
P2,3,NEXT,8,9,BibiFitness,FITNESS,VACUUM para iniciantes,https://youtu.be/WlkCGdMR_OA?si=u6-xTqWTkaL0qj83
P2,3,NEXT,10,10,Tay Training,FITNESS,NUNCA MAIS tenha o barco molenga,https://youtu.be/qSvyhGAECr0?si=uhQU3xYSWjyuNA7H
P2,4,HOME,1,1,Renata Rodrigues,FITNESS,Quanto GANHEI sendo YOUTUBER INICIANTE em 2026,https://youtu.be/LUCaqiabnpo?si=bP9myO1iPqANemo7
P2,4,HOME,2,2,Papo com Anahy D'Amico,FITNESS,EXAUSTAO EMOCIONAL: O CANSACO QUE NAO PASSA,https://youtu.be/UC_9TndluoE?si=YdDpoqIwJ7zFkFTm
P2,4,HOME,3,3,Deise Misturini,FITNESS,ROTINA DE 2 MINUTOS PARA FIRMAR E LEVANTAR O ROSTO,https://youtu.be/49w0NIbpLb4?si=4OPeCkzMCIeS7qzS
P2,4,HOME,4,4,Receitas do Clau,FITNESS,CHEGA de TAPIOCA,https://youtu.be/5sGQBbqqyMU?si=-6eWPFDN0Off_HL0
P2,4,HOME,5,5,Vane Fit,FITNESS,TREINAO DE BICEPS E TRICEPS,https://youtu.be/-FdtRl0et10?si=kNHJiDnvPnXibayd
P2,4,HOME,6,6,Mariana Santos,FITNESS,Eu IMPLORO para voce largar o vicio no celular,https://youtu.be/FTGyXfvWr6E?si=6xTldvL8vkYwpNHv
P2,4,HOME,8,7,Medico da Mulher,FITNESS,TRES EXERCICIOS INFALIVEIS ,https://youtu.be/SCLstOll-vw?si=4bcWoRLUGlaLZCuR
P2,4,HOME,9,8,Augusto Cury,FITNESS,NAMORE sua SAUDE EMOCIONAL Antes de NAMORAR ALGUEM,https://youtu.be/3cfc_RASJWs?si=1RlO5Jcb1wE5PK9e
P2,4,HOME,10,9,Voce Magra,FITNESS,PAOZINHO de GEMAS com 3 INGREDIENTES,https://youtu.be/5KQB0-IVFpU?si=oBjNlXXNpbRQ1xQl
P2,4,HOME,7,10,Vane Fit,FITNESS,ROTINA PRA FAZER ANTES DOS TREINOS DE PERNAS,https://youtu.be/9cvWlF6PAzo?si=Es8odEeZV8HsSakb
P2,4,NEXT,1,1,Nice One Academia,FITNESS,AULA COMPLETA DE GINASTICA AEROBICA ,https://youtu.be/-1vV1HwGcuw?si=MRdJJmV6xOhcwo24
P2,4,NEXT,2,2,Funfit com Susana Yabar,FITNESS,4 Exercicios Afetivos para Reduzir a Gordura nas Costas,https://youtu.be/S9FRNWnAQ1c?si=64dpkYAVipv4xTx0
P2,4,NEXT,3,3,Gabi Souto,FITNESS,Aprenda quais alimentos potencializam os seus resultados,https://youtu.be/OGDZZdlB_zg?si=x_p8_mTKC7GTLeL5
P2,4,NEXT,4,4,Tay Traininig,FITNESS,POR QUE EU NAO TOMO WHEY PROTEIN,https://youtu.be/15TCCWgm2Jo?si=xmfp_g6DL7AaoWJR
P2,4,NEXT,5,5,Aurelio Alfieri,FITNESS,TRANSFORMANDO SEUS BRACOS ,https://youtu.be/nT0x8JgpIBE?si=A03U08OJkyePADk5
P2,4,NEXT,6,6,WORKOUT,FITNESS,Exercicios para levantar o peito,https://youtu.be/fcmXr4oqqlk?si=rkks0pbe6WPWME2o
P2,4,NEXT,7,7,O fisio do corredor Willian A.,FITNESS,Dor na lombar,https://youtu.be/XBv9j1KCC1o?si=lexBnn1wTNUfCE31
P2,4,NEXT,9,8,Lyne On The Mat,FITNESS,Pilates para abdomem tonificado,https://youtu.be/LBwD2pPWB0Q?si=RMR1SSsUeWUw4rUH
P2,4,NEXT,10,9,TREINADORA CAROL VAZ,FITNESS,TREINO SUPERIOR 7 MIN,https://youtu.be/eDd4M7g96SA?si=VVfRlG5q6sJ6vBge
P2,4,NEXT,8,10,Tay Traininig,FITNESS,TREINO + RAPIDO OBTENDO + RESULTADOS,https://youtu.be/KTjI6t9-KxM?si=560irG_uBlQWDur0
P2,5,HOME,1,1,Fran Lima Daily,FITNESS,30 dias seguindo isso e voce nunca mais ficara sem dinheiro,https://youtu.be/M5MQIymk040?si=ezcsxJ93WIEdp6bs
P2,5,HOME,2,2,Vivi Winkler,FITNESS,LISTA DE LANCHES QUE NAO ENGORDAM NO EMAGRECIMENTO,https://youtu.be/l3shIM39_94?si=kAU5AxofzUYrxNQB
P2,5,HOME,3,3,Ana Lidia Lopes,FITNESS,"METAS, VIDA INTERIOR E SAUDE MENTAL",https://youtu.be/eEUii9EhinY?si=VM3eTVYbJ8HIa_SP
P2,5,HOME,4,4,Fe Alves,FITNESS,VOCE PRECISA DESAPARECER,https://youtu.be/jW9DWIOrFuk?si=-oKF49ysMVIC1-6i
P2,5,HOME,5,5,Vzunck,FITNESS,Quadril travado depois dos 35? O que fazer antes do agachamento,https://youtu.be/u_EOsW1Fuis?si=NLvKhQb_1aju44Ha
P2,5,HOME,6,6,Leandra Santos,FITNESS,Se voce e AMBICIOSO mas e PREGICOSO assista esse video,https://youtu.be/ZWYheuFOq_g?si=vyuSzedlR-qTLRTW
P2,5,HOME,7,7,Lola Queren,FITNESS,Jejum na pratica para SECAR,https://youtu.be/wHGTjzxulNA?si=0UCNV1G6soZ52xXM
P2,5,HOME,8,8,Augusto Cury,FITNESS,NAMORE SUA SAUDE EMOCIONAL,https://youtu.be/3cfc_RASJWs?si=G_64P5yafBGnSpgU
P2,5,HOME,9,9,Paulo Vieira,FITNESS,Me de 10 Minutos e Voce Vai Mudar Sua Vida,https://youtu.be/RMacZX-edqw?si=BsyG7xxc9gR8Aq-b
P2,5,HOME,10,10,SECA 30,FITNESS,Treino PRE-CARNAVAL,https://youtu.be/ZDsGetK49gY?si=y8UYmAukx_-wG10u
P2,5,NEXT,1,1,Carol Borba,FITNESS,Secar e definir pernas gluteos e parte interna da coxa,https://youtu.be/hWE9djsSTi4?si=pLfzTZYKX-2KjfKc
P2,5,NEXT,2,2,Nice One Academia,FITNESS,PERCA CALORIAS FAZENDO GINASTICA AEROBICA | Junior Scaranelo,https://youtu.be/nDat4qMA0_g?si=UYM5RdB091-P5r7j
P2,5,NEXT,3,3,VOLL TV,FITNESS,Como montar uma boa aula so com a BOLA SUICA em 5 minutos!,https://youtu.be/Ag8RT3BNkWM?si=A5JLaIXgYS9A7ary
P2,5,NEXT,6,4,Myla Liv,FITNESS,FIZ 100 AGACHAMENTOS POR DIA DURANTE 1 MES! Deu resultado?,https://youtu.be/1VTHvYc14x4?si=U9SB5MOBnLR5ZrO5
P2,5,NEXT,7,5,Tay Training,FITNESS,TREINO DE PERNA E GLUTEO COMPLETO que voce nunca mais vai esquecer,https://youtu.be/aCgXMyw4imY?si=1mRqKq9rdrt7pcCA
P2,5,NEXT,4,6,Carol Borba,FITNESS,Como endurecer o bumbum e as pernas em casa em 1 mês - Desafio agachando com Carol Borba,https://youtu.be/6YJ7DUvuBkE?si=QrX4x-mE9mXa5gGV
P2,5,NEXT,5,7,Carol Borba,FITNESS,Como transformar suas pernas treinando em casa - Desafio 100 agachamentos - Carol Borba,https://youtu.be/gnBNaBCumfM?si=aYeGVIqhI7kagaLu
P2,5,NEXT,8,8,Carol Borba,FITNESS,Desafio do Agachamento #03 - 100 agachamentos por dia,https://youtu.be/hOw0uRd0WyQ?si=mVZBwxrjrK_hC5DZ
P2,5,NEXT,9,9,Tay Training,FITNESS,Os 2 PRINCIPAIS Exercicios para Gluteos Fortes e Redondos,https://youtu.be/0nnFob_Q6fM?si=ddhzyIo0PXq8irxz
P2,5,NEXT,10,10,Carol Borba,FITNESS,Secar e definir pernas gluteos e parte interna da coxa -DESAFIO de 30 dias,https://youtu.be/4cbPWhVASM0?si=FKTOGuqJgFgqKJn9
P3,1,HOME,1,1,Atualizando Galaxy e Usando Galaxy,TECNOLOGIA,MELHORIAS!! ATUALIZAÇÃO para TELA DE BLOQUEIO com APLICATIVO SAMSUMG,https://youtu.be/_z_Z1afQu18?si=XBANfJmDxQ9R6LEU
P3,1,HOME,2,2,Geisel Taveira,TECNOLOGIA,A VERDADE SOBRE COMPRAR ELETRONICOS NA CHINA,https://youtu.be/m3mAu2_Uec0?si=oVbrrkZObT6aDV7q
P3,1,HOME,3,3,TechLany,TECNOLOGIA,OS MELHORES CELULARES PARA JOGOS ATE R$ 1000 REAIS,https://youtu.be/nK8VFHz7_WE?si=aGzswy2a1VXyztvG
P3,1,HOME,4,4,tripodoskumrator,TECNOLOGIA,Hack do WePlay 2026,https://youtu.be/K0AoK7nLTkI?si=CVP970o_1q-eY56-
P3,1,HOME,5,5,ODORIZZI,TECNOLOGIA,WhatsApp 2026 - Ganhou um NOVO LAYOUT MODERNO,https://youtu.be/Qn2J-indbKo?si=LMUdMYZT9L6aZfmw
P3,1,HOME,6,6,Jovem Pan News,TECNOLOGIA,Trump ordena divulgacao de arquivos sobre vida alienigena,https://youtu.be/K0Trh8x24ko?si=2Y27JEMUnf8uC8l-
P3,1,HOME,7,7,Gemeos Investem,TECNOLOGIA,[ATUALIZADO 2026] COMO AUMENTAR O LIMITE DO NUBANK?,https://youtu.be/o7aMU4lGCFs?si=63p3MFhSmAIfQCWq
P3,1,HOME,8,8,Ed Gouvea | Tech,TECNOLOGIA,Comprei o Galaxy A36 5G: O intermediario quase PREMIUM da Samsung!,https://youtu.be/hggh7EH6RVM?si=8OdPsB11S2qghj2t
P3,1,HOME,9,9,Jennifer Martins,TECNOLOGIA,MEU MATERIAL ESCOLAR,https://youtu.be/hfmDnYwZxw0?si=0o8ToKcKUnD3vPvn
P3,1,HOME,10,10,Gustavo Lazaro,TECNOLOGIA,pobress com iphone novo 17 de 20k,https://youtu.be/w81ncpS873k?si=PTpHkmu9C5z8xVDs
P3,1,NEXT,1,1,EMDtech,TECNOLOGIA,Impressionante DOCK estilo Liquid Glass,https://youtu.be/GD-cRYp_dvc?si=O_N68RVKxigk_W5O
P3,1,NEXT,2,2,Tech Lany,TECNOLOGIA,5 CELULARES PARA JOGOS ATE R$ 1400 REAIS,https://youtu.be/M-gl2sQmAoY?si=6CQt4hk1aw-YCATl
P3,1,NEXT,3,3,Gobi Lany,TECNOLOGIA,Top 5 Best Handheld Game Console 2026 on AliExpress,https://youtu.be/KZ-LL1YJSPg?si=IGtloQ_Mrx1k2J6g
P3,1,NEXT,4,4,ODORIZZI,TECNOLOGIA,WhastApp 2026 - Ganhou um NOVO LAYOUT MODERNO,https://youtu.be/Qn2J-indbKo?si=0Be1wgZDKsqZecE3
P3,1,NEXT,5,5,Lupa no Produto,TECNOLOGIA,Os melhores CELULARES de 2026,https://youtu.be/MEFb3TbWYzA?si=VsE9S1Xq4XXaekes
P3,1,NEXT,6,6,Katec,TECNOLOGIA,TOP 3 CELULAR ATE R$800 BOM E BARATO! (2026),https://youtu.be/SgPGI0yXmec?si=lXsRcUi83O0XVoZK
P3,1,NEXT,7,7,TECNODIA,TECNOLOGIA,5 MOTIVOS para COMPRAR o iPhone 16E em 2026,https://youtu.be/0zudMX1-OCI?si=L1qh8QqDKjcv9SqV
P3,1,NEXT,8,8,Atualizando Galaxy,TECNOLOGIA,CHEGOU OUTRA! ATUALIZACAO do SERVICO GOOGLE PLAY para GALAXY,https://youtu.be/iIE5aLGNp2E?si=b1pN-ruWF5zd0XRr
P3,1,NEXT,9,9,Manual Da Compra,TECNOLOGIA,VALE A PENA comprar o iPhone XR em 2026?,https://youtu.be/X3zVeX5zHGg?si=fLiBZa2Q-pigJUZR
P3,1,NEXT,10,10,Geek Loko,TECNOLOGIA,1 ANO com o Galaxy S25 Ultra,https://youtu.be/AqObk4q9MKk?si=m7S8Zs3lJTpM7hUi
P3,2,HOME,1,1,Gustavo Nigre,TECNOLOGIA,VLOG #8: COMPREI UM MACBOOK PRO M4 MAX E IPHONE 17 NO PARAGUAI,https://youtu.be/pqE6lGMAymo?si=-3Hn3jHcMJvI3eko
P3,2,HOME,2,2,Lipe Mal Estar,TECNOLOGIA,Montei um SETUP BARATO com NOTEBOOK em 2026,https://youtu.be/MFHqgoM0nRc?si=6zSvgMwgYFqvlJyu
P3,2,HOME,3,3,Intec,TECNOLOGIA,MELHORES Celulares BOM e BARATO em 2026!,https://youtu.be/yhWDcUPsp_U?si=ORFfFi7_pVa0PbQC
P3,2,HOME,4,4,Rafael Pacheco,TECNOLOGIA,CHEGOU! GALAXY S25 FE UNBOXING,https://youtu.be/zinvhMIdOxc?si=rTnOKpB5zhE5ORoA
P3,2,HOME,5,5,Young rock Tech,TECNOLOGIA,INSTALANDO A NOVA ONE UI 8.0,https://youtu.be/VchOGNCjcos?si=5k9VnfvYMqy8T_C9
P3,2,HOME,6,6,Miler Rangel,TECNOLOGIA,MAC MINI M4: Como tem sido a experiencia se sair de vez do Windows?,https://youtu.be/hIxSYWA0nqU?si=OT7_W6KbqeOXRWts
P3,2,HOME,7,7,EscolhaSegura,TECNOLOGIA,"Comprei o TAL NOTEBOOK de R$428,35 da SHOPEE",https://youtu.be/P2WwtzKim-w?si=XHnS5rRytnQRtYiW
P3,2,HOME,8,8,Andre Felipe,TECNOLOGIA,REDMI NOTE 14 vs REDMI NOTE 15 qual comprar?,https://youtu.be/DPrNjCF6g0k?si=ujYJ-sodaiKz8jq_
P3,2,HOME,9,9,Marcus Tech,TECNOLOGIA,MOTOROLE SIGNATURE VC GALAXY S25 ULTRA,https://youtu.be/ZzbsniQmTIk?si=fWg8tSoYZAIy4gxC
P3,2,HOME,10,10,Ei Rob,TECNOLOGIA,IPHONE 13 - TESTANDO JOGOS PESADOS EM 2026,https://youtu.be/4qBhNawkbrQ?si=4v6HQlGX9ZAILK87
P3,2,NEXT,1,1,Young Rock Tech,TECNOLOGIA,INSTALANDO A NOVA ONE UI 8.0,https://youtu.be/BNMKz83QPtM?si=BTOI_QolGVCYA-8T
P3,2,NEXT,2,2,CanalJMS,TECNOLOGIA,Realme C85,https://youtu.be/eBccKSHrmhI?si=6NFgh2kzRv-Vpe9E
P3,2,NEXT,3,3,Lawx,TECNOLOGIA,Ryzen 7 7735HS vence o i5-13420H,https://youtu.be/r2D1PRAGfjw?si=JMl453tgTem-6OJf
P3,2,NEXT,4,4,Rodrigo Moreira,TECNOLOGIA,COMPREI UM IPHONE 16 PRO MAX NA SHOPEE,https://youtu.be/kYDD-mOc48A?si=8fHpa-sCaPxVhhwB
P3,2,NEXT,5,5,Lucas Ishii,TECNOLOGIA,ESSE NOTEBOOK E UM MONSTRO,https://youtu.be/sRlpjac0WSE?si=FyxlcXbO3nVGI09X
P3,2,NEXT,6,6,Matheus Kise,TECNOLOGIA,Galaxy A56 e o MELHOR smartphone pra comprar ate,https://youtu.be/UY93FvkRfUk?si=xzQOz2D-vTLbCFeY
P3,2,NEXT,7,7,EscolhaSegura,TECNOLOGIA,IPHONE 16e se TORNOU o CELULAR APPLE com MELHOR,https://youtu.be/LaoRPXRL7sg?si=2NhDOAaA8iMsms0a
P3,2,NEXT,8,8,Realme Store BR,TECNOLOGIA,NOVO REALME C85: TUDO QUE VOCE PRECISA SABER,https://youtu.be/JFCIqLGsy9I?si=ljjSda7bxhByL7R8
P3,2,NEXT,9,9,Ricardo Perialdo,TECNOLOGIA,Nao compre um iPhone 17 antes de ver esse video,https://youtu.be/Zx5T9Qpm2Bc?si=UpmGMFCHgdrI7PZ5
P3,2,NEXT,10,10,Guilherme Franca,TECNOLOGIA,Meu Ecossistema Samsung barato,https://youtu.be/5dgaFoyjefE?si=EbEgVAbkY0YblE96
P3,3,HOME,1,1,Lipe Mal Estar,TECNOLOGIA,Esse e o MELHOR NOTEBOOK barato para comprar hoje,https://youtu.be/a8egV8HMCbg?si=wkTw6K5aZo67mfVY
P3,3,HOME,2,2,WislonTuber,TECNOLOGIA,Essa atualizacao do WhatsApp vai surpreender voce,https://youtu.be/lh2ojYVAg2w?si=kCdu_70KixVTsGBd
P3,3,HOME,3,3,Economizei 67,TECNOLOGIA,SAMSUNG GALAXY A17 2026,https://youtu.be/8NC9QrbGl0I?si=M8QJ3bNPwZgGxp_Z
P3,3,HOME,4,4,Rodrigo Moreira,TECNOLOGIA,FINALMENTE COMPREI um IPHONE 17 PRO MAX na SHOPEE,https://youtu.be/bhq-GqnhDhE?si=WFjqAumyGb1jVejr
P3,3,HOME,5,5,MW Informatica,TECNOLOGIA,TESTEI O HUB USB-C MAIS PODEROSO DO MERCADO,https://youtu.be/nZCtM_XhlLM?si=E6QnFP5Sf6GZPYUU
P3,3,HOME,6,6,John Notebooks Brasil,TECNOLOGIA,Dell Latitude 3410 14,https://youtu.be/CAEC_FzjkHw?si=H8vpRk9rdY_skJCa
P3,3,HOME,7,7,Atualizando Galaxy,TECNOLOGIA,De ultima hora!! ATUALIZACAO de FEVEREIRO LIBERADA pela SAMSUNG,https://youtu.be/fvm6nSosIWs?si=xfhos7RwZbVE0Fdv
P3,3,HOME,8,8,Loop Infinito,TECNOLOGIA,O MacBook MAIS BARATO sera lancado no dia 4 de marco,https://youtu.be/NpG-_yKs4_4?si=Jn0Z7lQDEGhhlg6I
P3,3,HOME,9,9,APRENDA FACIL,TECNOLOGIA,MAIS Recursos ESCONDIDOS No SAMSUNG ,https://youtu.be/6acePeY11jc?si=Plm1fuffW7MtelGc
P3,3,HOME,10,10,bgeeks,TECNOLOGIA,NOVO REALME C85,https://youtu.be/YukUjI0cdyM?si=TtriToONJDfgU8yA
P3,3,NEXT,1,1,Diogo Filipe,TECNOLOGIA,O iphone 14 Pro Max envelheceu bem,https://youtu.be/e3did47OLCk?si=MVyUN_TDlgfr7Ywz
P3,3,NEXT,2,2,Andre Felipe,TECNOLOGIA,6 MESES DEPOIS O S25 FE TA VALENDO A PENA?,https://youtu.be/eMi1bkVaDRE?si=PT21IAqBwol4f_21
P3,3,NEXT,3,3,Pretinho Tech,TECNOLOGIA,HARD RESET ITEL A04,https://youtu.be/AJ7Kcft2fUY?si=iI6ul7Vh1L2-5LTf
P3,3,NEXT,4,4,dmeloTV,TECNOLOGIA,"UGREEN HDMI SWITCHER KVM, 4K",https://youtu.be/dmdb9-ZYIRI?si=8f9k-5FqfPJq4l1q
P3,3,NEXT,5,5,bgeeks,TECNOLOGIA,Moto G06 em 7 minutos!,https://youtu.be/dm9b82Tvb8c?si=cc222rhQlZkahk6t
P3,3,NEXT,6,6,Roger Coelho,TECNOLOGIA,Como deixar seu iphone TOTALMENTE DARK,https://youtu.be/eWpzxkJ_6sU?si=digjVo8cWZhiJIrd
P3,3,NEXT,7,7,Gabriel de Pinho,TECNOLOGIA,MackBook Air M4 vs Mac Mini M4,https://youtu.be/sLUXTJhkgqg?si=jXPHjDuBXgdXuXrP
P3,3,NEXT,8,8,k Tech,TECNOLOGIA,OLHA QUE TOP ESSE MOTOROLA,https://youtu.be/9I1H-STSuRw?si=P1-0PTltASbwdl8p
P3,3,NEXT,9,9,Tuk,TECNOLOGIA,REALME C85 (NFC) vs REDMI NOTE 14 4G,https://youtu.be/qB6qbkqJFqE?si=viOI0Lv6V5JhY8Ls
P3,3,NEXT,10,10,Ed Gouvea | Tech,TECNOLOGIA,Comprei o Galaxy A36 5G,https://youtu.be/hggh7EH6RVM?si=DebHxICfM9VnWwoM
P3,4,HOME,1,1,Vladimir Campos,TECNOLOGIA,O que e USB-C,https://youtu.be/XxI6xay8Qdo?si=DqsDHjwhpv-bLcIO
P3,4,HOME,2,2,TecMundo,TECNOLOGIA,Dell acaba com marcas antigas de PCs,https://youtu.be/ETvJruSwuyY?si=dRKIhsbjGrp35cCR
P3,4,HOME,3,3,TudoCelular,TECNOLOGIA,GALAXY TAB A11 PLUS,https://youtu.be/BWRu99fdcV4?si=RIDX5P2GAx3R-O2k
P3,4,HOME,4,4,Marleo Piber,TECNOLOGIA,KVM UGREEN: USAR DOIS COMPUATDOES EM UM SO TECLADO,https://youtu.be/RDioekNYais?si=hH4MclFGd49Nexk1
P3,4,HOME,5,5,Victor Viana,TECNOLOGIA,Como carregar notebook utilizando Powerbank,https://youtu.be/vazeRuYO3vA?si=VmbuqwSPhEy6n7k4
P3,4,HOME,6,6,Flow de Dados,TECNOLOGIA,Esse Thinkpad e MONSTRO,https://youtu.be/chUOjYn88z4?si=LC6RksGNeIX165G-
P3,4,HOME,7,7,"Fala, Leo!",TECNOLOGIA,Samsung MODO DEX e acessorios,https://youtu.be/5Qw9g_UwiqU?si=Z8Od9S8e-Zsvlm9r
P3,4,HOME,8,8,mzeds,TECNOLOGIA,Review Hub da UGREEN,https://youtu.be/fydC3uQSmaU?si=qKITzfVUQtp6UlbO
P3,4,HOME,9,9,INDICA TECH BR,TECNOLOGIA,Os MELHORES Notebooks Custo-Beneficio para estudar,https://youtu.be/eWJVMo6pNfc?si=5teKkiUX98xThJQV
P3,4,HOME,10,10,Tech Lany,TECNOLOGIA,OS MELHORES CELULARES PARA JOGOS ATE R$ 1800 ,https://youtu.be/kCoTm2mknss?si=Xqw27NjscAF4m0Xj
P3,4,NEXT,1,1,Geek de Fibra,TECNOLOGIA,Switch KVM UGREEN,https://youtu.be/qUoSflrS7Hw?si=jNZqKvBpBsFh3Nq5
P3,4,NEXT,2,2,Gabriel de Pinho,TECNOLOGIA,TRANSFORME seu notebook (e MAC) em um PC GAMER,https://youtu.be/ZWR8J4sKsM0?si=TSy1a3iBsWRESOvX
P3,4,NEXT,4,3,Por essa Dica,TECNOLOGIA,Meu KIT de GRAVACAO 2026,https://youtu.be/mnmhZfuDaTA?si=5WTKr2KNXxWyrDbS
P3,4,NEXT,5,4,dmeloTV,TECNOLOGIA,UGREEN HDMI SWITCHER ,https://youtu.be/dmdb9-ZYIRI?si=-ACKhyS_ALuCAzTF
P3,4,NEXT,6,5,MW Informatica,TECNOLOGIA,INSTALEI UMA PLACA DE VIDEO NO NOTEBOOK POSITIVO,https://youtu.be/j36cI6K7SGY?si=Hdi9sMrjLnmmUrZg
P3,4,NEXT,7,6,Decinho Shinkai,TECNOLOGIA,Como liguei 2 monitores no Macbook M1,https://youtu.be/VHLmKS6cZ-A?si=8YicfxfHlFcCJxw2
P3,4,NEXT,8,7,Victor Viana,TECNOLOGIA,Como saber se seu notebook e monitor suportam passar video,https://youtu.be/-qtlEiI71Wc?si=gdbVqG5RvvOGypGV
P3,4,NEXT,10,8,Tuk,TECNOLOGIA,REALME C85,https://youtu.be/qB6qbkqJFqE?si=sdOujzR0RTHS8pmo
P3,4,NEXT,3,9,Gabriel de Pinho,TECNOLOGIA,Como fazer UPGRADE de SSD no NOTEBOOK,https://youtu.be/U72zbxSDYBQ?si=v9lZbSvujFBV-Njc
P3,4,NEXT,9,10,Gabriel de Pinho,TECNOLOGIA,Placa De Video Externa pra NOTEBOOK,https://youtu.be/9HPfXfz1PTo?si=-jTfvkI2mo0irZ5i
P3,5,HOME,1,1,JG Tech,TECNOLOGIA,Novo Galaxy S26 Ultra,https://youtu.be/IyTfFrBoiNc?si=m9CKZGHu6zvdus9w
P3,5,HOME,2,2,FF26 Tech | Fernando Fuvio,TECNOLOGIA,Como Conectar 2 MONITORES em 1 NOTEBOOK,https://youtu.be/pzDGsgTvqQM?si=4sIkX3A-rVTWmnHG
P3,5,HOME,3,3,Zetta,TECNOLOGIA,5 MOTIVOS que me fizeram escolher o LENOVO LOQ,https://youtu.be/qHIvt8NrY0k?si=LAfgSfG-lJN3bqE5
P3,5,HOME,4,4,Rafael Nunes,TECNOLOGIA,GALAXY A37 5G,https://youtu.be/g3liHQw3cCI?si=IA--3C3Q6qpRT_86
P3,5,HOME,5,5,Clovis de Barros,TECNOLOGIA,"Se MEXE C#R#LH0, Va Atras Dos Seus Sonhos ",https://youtu.be/qy9Fwsg-L1g?si=hLsvtO1dk44CKo6V
P3,5,HOME,6,6,Oficina da Net,TECNOLOGIA,OPPO ouviu o Brasil?,https://youtu.be/s96zFQF3Gag?si=C7uCtFmnYPq_iziU
P3,5,HOME,7,7,Young Rock Tech,TECNOLOGIA,INSTALANDO a NOVA ONE UI 8.0,https://youtu.be/VchOGNCjcos?si=0k5qwmE2yiwE2WxW
P3,5,HOME,8,8,Engenharia Detalhada,TECNOLOGIA,O Fim dos Cabos ruins!,https://youtu.be/1VCKyai3PVI?si=9bfZ3csALIfxo0D0
P3,5,HOME,9,9,Pedro Passos,TECNOLOGIA,O que eu uso no meu Macbook pra Programar? 🇺🇸,https://youtu.be/O-YzJEd3xQ4?si=fwSt7DFsCC-cVRhk
P3,5,HOME,10,10,Intec,TECNOLOGIA,MELHORES Celulares BOM e BARATO em 2026!,https://youtu.be/yhWDcUPsp_U?si=r8lZ_gIgFJ4UVMiy
P3,5,NEXT,1,1,Gabriel de Pinho,TECNOLOGIA,O Positivo RM15M E BOM MESMO?,https://youtu.be/TV3nz70XI04?si=seS9OKFgvbH_rQjT
P3,5,NEXT,2,2,Alishow Variedades,TECNOLOGIA,USB-C NAO DA VIDEO?,https://youtu.be/uPFgzbiu07M?si=5XQ_hPgSc5TTPYwn
P3,5,NEXT,4,3,TecMundo,TECNOLOGIA,Dell Alienware,https://youtu.be/Z0Vyw5Z4224?si=MPlvj6GuyC1CtFm1
P3,5,NEXT,6,4,Victor Viana,TECNOLOGIA,Como saber se seu notebook e monitor suportam passar video,https://youtu.be/-qtlEiI71Wc?si=npHOi45c8pt2K79A
P3,5,NEXT,7,5,Gabe Indica,TECNOLOGIA,Montei o SETUP DOS SONHOS,https://youtu.be/vboq6haInVo?si=bqvYLq2SCTCAbPMe
P3,5,NEXT,8,6,Lipe Mal Estar,TECNOLOGIA,O notebook mais premium de 2025,https://youtu.be/eeODLwDoQS4?si=aer21exYYLq4GqSi
P3,5,NEXT,9,7,Zetta,TECNOLOGIA,5 MOTIVOS que me fizeram escolher o LENOVO LOQ,https://youtu.be/qHIvt8NrY0k?si=_U5_CH14NCpe5JzQ
P3,5,NEXT,10,8,Web Shooter,TECNOLOGIA,Ultra PC do Lancador de teia,https://youtu.be/RrUJmYUFM8g?si=7afNiTeneabXGIZD
P3,5,NEXT,3,9,Gabriel de Pinho,TECNOLOGIA,Dell XPS 13 vs MacBook Air,https://youtu.be/qRrpSLmNgFo?si=TBLbkcPuIlk4kXeD
P3,5,NEXT,5,10,Gabriel de Pinho,TECNOLOGIA,Mac Mini M4 HUMILHA PC GAMER?,https://youtu.be/7GcaOp4K1mU?si=F4C6oscrq4wcx0_K
P4,1,HOME,1,1,g1,NEUTRO,"JN: pela primeira vez em 400 anos, integrante do alto escalao da familia real britanica e preso",https://youtu.be/FTva7gu87Xo?si=I3yYU5w2GVGG4iCI
P4,1,HOME,2,2,Dra. Yasmin | Dentista,NEUTRO,Um SIMPLES HABITO que melhora 106% a saude da sua boca,https://youtu.be/s3GJVS33daA?si=LeCsOomXbAturuTH
P4,1,HOME,3,3,Jovem Pan News,NEUTRO,Trump ordena divulgacao de arquivos sobre vida alienigena,https://youtu.be/K0Trh8x24ko?si=jYjxJw2YQ0WXM-0R
P4,1,HOME,4,4,Top Hard,NEUTRO,OS 5 CELULARES PEGA DEMENTE DA XIAOMI 2026,https://youtu.be/fAafxzcL0PQ?si=zlEn51m1dfS4auai
P4,1,HOME,5,5,Primata Fitness,NEUTRO,O SEGREDO para perder a PANCINHA explicado por um macaco,https://youtu.be/R0hlRxGl9pg?si=RQTt3JjFmeR-C5US
P4,1,HOME,6,6,O POVO,NEUTRO,Especialistas recomendam desligar o Wi-Fi do celular ao sair de casa por segurança,https://youtu.be/QdQkTZvckqI?si=RV1Yf4jVl5fdmBHI
P4,1,HOME,7,7,Bia Galleti,NEUTRO,Musculacao Sozinha: Voce So Precisa de 4 Exercicios,https://youtu.be/7SEQ3j5TwHg?si=qFvruoaLfdXwPC8e
P4,1,HOME,8,8,TIMES BRASIL,NEUTRO,EUA enviam maior porta-avioes do mundo,https://youtu.be/7ni0VI4w9VM?si=Wz1EBhO0X2ZzqlEi
P4,1,HOME,9,9,The Noite com Danilo Gentili,NEUTRO,"Entrevista com Bruno e Dra. Tatiana, a cientista que fez tetraplegico andar",https://youtu.be/uldpfTxQSto?si=3BmJNJf7x2XQdFdb
P4,1,HOME,10,10,Ver Tech,NEUTRO,Noticias da Samsung: Nova Bixby chegou na One UI,https://youtu.be/442s8RkjiGM?si=ZKopTd8ZxPOwNLQ2
P4,1,NEXT,1,1,Ana Zambrin,NEUTRO,CHEGA DE SUJEIRA,https://youtu.be/sOH7Ub6biBg?si=p-2yJlScuGxjYWeC
P4,1,NEXT,2,2,Escolha Certa,NEUTRO,S25 Ultra HUMILHA o,https://youtu.be/ivL76gC9p-I?si=Wyol4eLt-Wf0ZZH9
P4,1,NEXT,3,3,Essen Recipes,NEUTRO,Sie haben noch nie ,https://youtu.be/cm8JhrALS10?si=SumaZiZI9dp4jTf7
P4,1,NEXT,4,4,Dr. Henrique Monteiro,NEUTRO,Frango BBQ Pra Semana Em Menos de 40 Minutos,https://youtu.be/qhNRIoARye0?si=IXfZvdLxB2gduNPx
P4,1,NEXT,5,5,Claudia Oliveira Receitas,NEUTRO,COMO FAZER ARROZ,https://youtu.be/K8WR30UMH4E?si=qV1myUS0HxHx73Nw
P4,1,NEXT,6,6,Nandu Andrade,NEUTRO,NAO FACA BATATA,https://youtu.be/0Eem9EenicM?si=uQEpnWmEj_5-oUGR
P4,1,NEXT,7,7,Receitas do Kazu,NEUTRO,Frango japones em,https://youtu.be/xtVp6riyDaY?si=G8AVOtWCUz15ooRl
P4,1,NEXT,8,8,Van Oliveira,NEUTRO,CARNE DE PANELA,https://youtu.be/u4LGC2b9nvo?si=S8C6L7GHhOT3IAUr
P4,1,NEXT,9,9,top cozinha,NEUTRO,DEPOIS QUE FIZ FRANGO,https://youtu.be/bNoAfSLIMRw?si=4IljnPcrp0mGQdXv
P4,1,NEXT,10,10,Ana Zambrin,NEUTRO,File de frango facil no,https://youtu.be/flEuQrmJjXs?si=9UyJLpqFxOmdFTzo
P4,2,HOME,1,1,SBT News,NEUTRO,Adolescente e sequestrada e torturada apos gesto em foto no RS,https://youtu.be/pp0dCjClwYA?si=btJqsoAd7eBTLfXj
P4,2,HOME,2,2,BBC News Brasil,NEUTRO,Como os doces brasileiros ficam tao... doces,https://youtu.be/tl-Pu3lFh7Q?si=IcUWpLsAU4h9od-t
P4,2,HOME,3,3,Band Jornalismo,NEUTRO,Entenda como palavras provocam diferentes impactos,https://youtu.be/2G02hH4gL10?si=GFqwQE4uYBTJVJ7W
P4,2,HOME,4,4,Tuk,NEUTRO,baixou! iPhone 16 vale a pena em 2026? 10 MES DE USO! ME ARREPENDI?,https://youtu.be/KUDRzUXCW8Y?si=NQizO0gxnloCLgIn
P4,2,HOME,5,5,Albert Annan,NEUTRO,12 Laptop Mistakes That Are Killing Your Computer,https://youtu.be/cZ2hhXO_zps?si=oa1vv3Q2FgydIyR1
P4,2,HOME,6,6,g1,NEUTRO,JH: 2026 promete ser um ano bom para quem busca vagas no servico publico,https://youtu.be/dy5iryNp-3k?si=R41bRmTekIW7lNns
P4,2,HOME,7,7,Ben Facin,NEUTRO,Como acordar CEDO e ter ENERGIA o DIA TODO (mesmo dormindo pouco),https://youtu.be/aM127MqsErU?si=AIq4m-WB0EwH_Y6V
P4,2,HOME,8,8,Jornal da Record,NEUTRO,Pesquisa associa consumo de refrigerante a doencas graves,https://youtu.be/Cr-mh2gkuQ4?si=FRCweHoM6V1G0Pcp
P4,2,HOME,9,9,Kiny,NEUTRO,Qual esporte emagrece mais? Testei 15 para descobrir,https://youtu.be/KjGAqYkPf98?si=7H2HPRhWgHXmJHFu
P4,2,HOME,10,10,Flow Podcast,NEUTRO,COMER SAUDAVEL SEM GASTAR MUITO,https://youtu.be/qrpaNLKl2RI?si=T8YrBXfiNldn0mzw
P4,2,NEXT,1,1,Nandu Andrade,NEUTRO,COMO FAZER OMELETE FACIL E RAPIDA | Nandu Andrade,https://youtu.be/gY4YpCyxV4Q?si=WlguHJfXvZNEwXas
P4,2,NEXT,2,2,Cozinha da Li Oliveira,NEUTRO,"Como faco o meu Feijao com Caldinho grosso , simples mas muito saboroso",https://youtu.be/WJa8BHQUB4w?si=3BtlTzhsP-fYez0U
P4,2,NEXT,3,3,Receitas da Vo Bita,NEUTRO,"Da proxima vez, experimente esta deliciosa receita de batata e carne picada!",https://youtu.be/t_w2xd4Gn7A?si=pf12ycgjA9-zyGfC
P4,2,NEXT,4,4,Receita facil,NEUTRO,Como Fazer Frango a Passarinho ao Molho – Receita de Dar Agua na Boca,https://youtu.be/k-_Hp5_p-m4?si=5ltM5OyI8RjQsNjr
P4,2,NEXT,5,5,Eu Nao Sou Chef,NEUTRO,Voce Esta Cometendo esses Erros ao Fazer Arroz e Nao Sabe!,https://youtu.be/VrKjFYtbJ38?si=yM5zIBmxnofBWk2v
P4,2,NEXT,6,6,top cozinha,NEUTRO,"A melhor carne moida que ja comi, segredo de um restaurante famoso!",https://youtu.be/HFiQxM1I_bE?si=8ZNluwH7LoS-BzI4
P4,2,NEXT,7,7,Receitas Faceis e Rapidas,NEUTRO,MISTURE SARDINHA COM FLOCAO / VOCE VAI QUERER ESSA RECEITA TODO DIA!,https://youtu.be/CKZVHVQZskA?si=_CB9MyOceOego0w8
P4,2,NEXT,10,8,RECEITAS DO FABRICIO,NEUTRO,PEIXE ASSIM NAO SOBRA NADA | SEXTA-FEIRA SANTA,https://youtu.be/_J8AWh3Qk-w?si=A51wlbU4Ty7bQFDZ
P4,2,NEXT,8,9,Nandu Andrade,NEUTRO,COMO FAZER FEIJAO SIMPLES E FACIL | Nandu Andrade,https://youtu.be/nzWrXTKLWK8?si=rc1WALG7NL7C6kZ9
P4,2,NEXT,9,10,Receitas da Vo Bita,NEUTRO,Quando faco sobremesa de bananas nao sobra nada!,https://youtu.be/x7Gf3n4KrnU?si=N1dFBvpn6WUE7VS-
P4,3,HOME,1,1,SBT News,NEUTRO,"""El Mencho"":Morte de lider de cartel provoca onda de violencia no Mexico ",https://youtu.be/r8AliSvHAzw?si=1zUowDZ-KP9P2Jrl
P4,3,HOME,2,2,BBC News Brasil,NEUTRO,Por que voce deve focar em ganhar musculos - e nao emagrecer,https://youtu.be/9ZNgpnUdq2o?si=TUOkHOBijV1HYWCO
P4,3,HOME,3,3,UOL,NEUTRO,Mulher ganha R$ 60 mil e tem 250 dias de folga por trabalhar ,https://youtu.be/ELWjTPlIds0?si=MnAwqyQZfNciBgCq
P4,3,HOME,4,4,Olhar Digital,NEUTRO,Samsung: e melhor investir em um aparelho mais completo ou mais antigo,https://youtu.be/JdT6XULG0V4?si=wtMVCFaASXhYiTAn
P4,3,HOME,5,5,CNN Brasil,NEUTRO,"Morte de ""El Mencho"": Mexico tenta voltar a normalidade aops violencia e caos",https://youtu.be/OJlK7eQk0zE?si=7MH01yG7DHNJRVH6
P4,3,HOME,7,6,AFP Portugues,NEUTRO,Governo revogs decreto sobre hidrovias na Amazonia apos protestos indigenas,https://youtu.be/uVbW3C66QLg?si=JeQqBZC0vTBq9sKr
P4,3,HOME,8,7,g1,NEUTRO,EUA aumentam pressao sobre o Ira com cacas e porta-avioes,https://youtu.be/TSQFV0YRFxk?si=WjH_rqYoGfpEpy9J
P4,3,HOME,10,8,Nandu Andrade,NEUTRO,PASTEL COM 2 INGREDIENTES AGUA E FARINHA,https://youtu.be/xWmFvEwqu7k?si=LIPrXFaI5dgjeCvb
P4,3,HOME,6,9,SBT News,NEUTRO,Uniao Europeia cancela negociacoes com os EUA apos tarifa global deTrump,https://youtu.be/hcBx-4NiqlA?si=F6Nd0oqHEN6A5zVk
P4,3,HOME,9,10,CNN Brasil,NEUTRO,Lula deve pregar aumento do investimento militar em programa do governo,https://youtu.be/Y9g64AuoOTY?si=UogddKPQ8d4HLUvm
P4,3,NEXT,1,1,Rezept Reich,NEUTRO,Nao frite! Beringela queijo e ovos,https://youtu.be/zmszPRCiDXs?si=bBn7CQCYv-GscP4t
P4,3,NEXT,2,2,Yummy in a Hurry,NEUTRO,No Frying Needed! Just Mix,https://youtu.be/7htAFbefCa8?si=YZ3_J8E8RjbZI1xw
P4,3,NEXT,3,3,Simone Cozinha e Terapia,NEUTRO,QUER FAZER PANQUECA,https://youtu.be/G8HS7qOFRQw?si=IAn8aRyk2pKJAlBa
P4,3,NEXT,4,4,Aquela Receita,NEUTRO,"2 bobrinhas, 2 Tomates e o Jantar esta",https://youtu.be/WzTJHzHwDKE?si=graKw44Gs_EAphX5
P4,3,NEXT,5,5,Van Oliveira,NEUTRO,PAIXE AO MOLHO,https://youtu.be/16w3vi0TdTU?si=0fqOouyR9BgwnJ7u
P4,3,NEXT,6,6,Olha eu na Cozinha,NEUTRO,Batata com Linguica Queijo e Molho Branco,https://youtu.be/tAorYjvFLCk?si=ObpbonQlwFQ-v6jf
P4,3,NEXT,7,7,Fabricio Duarte,NEUTRO,Macarrao Cremoso de panela de Pressao,https://youtu.be/lHi9h1yT6sM?si=8IjQoVUwddXWCr0a
P4,3,NEXT,8,8,Tuk,NEUTRO,baixou! iPhone 16 vale a pena em 2026?,https://youtu.be/KUDRzUXCW8Y?si=f30rVZizWBqcWB0x
P4,3,NEXT,9,9,Receitas Low Carb para Diabeticos,NEUTRO,CAFE DA MANHA LOW CARB,https://youtu.be/igrjfAb7hl8?si=IN9U-4ezSNCB3xh-
P4,3,NEXT,10,10,Tuk,NEUTRO,IOS 26 - 13 Configuracoes,https://youtu.be/ttBMLVDUfZ4?si=7WYJpbEJv83DnT2n
P4,4,HOME,1,1,Jornalismo TV Cultura,NEUTRO,"Investimentos em ferrovias devem somar 140 bilhoes de reais, preve governo",https://youtu.be/fpD7as-_PT4?si=Y3vG7_oET6aPU4Rz
P4,4,HOME,2,2,Receitas de Pai,NEUTRO,BOLINHO DE CHUVA PERFEITO E REDONDINHO ,https://youtu.be/GTNsoF4NOZM?si=O5Oa6fU1eI-01pra
P4,4,HOME,3,3,UOL,NEUTRO,PGR da aval ao STF a acao que fere de morte empregos com ferias e 13º salario,https://youtu.be/Sds0rwAacTU?si=oWO09xeshmb55KuQ
P4,4,HOME,5,4,Metropoles,NEUTRO,Flavio Bolsonaro e Castro definem candidatos a governo e Senado no RJ,https://youtu.be/uCvFnI2HaBs?si=qwcXvt3h7o14FsWW
P4,4,HOME,6,5,Os Socios Podcast,NEUTRO,MUSCULACAO VS CORRIDA? QUAL E MELHOR?,https://youtu.be/HJ0w285tCnE?si=ONvX3o1cl5AxY_6q
P4,4,HOME,7,6,Record News,NEUTRO,Novo sistema do Banco Central permite portabilidade de credito rapida e digital pelo celular,https://youtu.be/dHBxNjtMSJQ?si=zenjbQTl2wc8yaMA
P4,4,HOME,8,7,Clovis de Barros,NEUTRO,"Se MEXE C#R#LH0, Va Atras Dos Seus Sonhos ",https://youtu.be/qy9Fwsg-L1g?si=ey_mFmq60rYl7Lo9
P4,4,HOME,9,8,Drauzio Varella,NEUTRO,E isso que acontece no seu organismo quando voce come muito tarde,https://youtu.be/MdeE4Q4YXuI?si=4K-rtw8CU2WPSyQi
P4,4,HOME,10,9,Band Jornalismo,NEUTRO,Brasil corre risco de apagao logistico por falta de caminhoneiros | Jornal da Band,https://youtu.be/afF4FMi5MHQ?si=XaJKOUtqpbda6DPE
P4,4,HOME,4,10,UOL,NEUTRO,Mulher abraca poste durante enxurrada em Juiz de Fora (MG),https://youtu.be/WUk3b0WiUP8?si=pe1_e5LKkek43-zv
P4,4,NEXT,1,1,RECEITAS DO FABRICIO,NEUTRO,O SEGREDO DA TAPIOCA MOLINHA E MOLHADINHA ,https://youtu.be/W59zv6UOI2M?si=lONAj-3cIe2jHAlr
P4,4,NEXT,2,2,Beatriz Receitas,NEUTRO,Como Fazer uma Sobremesa de Goiabada!,https://youtu.be/9qJmKLPxlZs?si=fnAUp4VxC81Jc2ES
P4,4,NEXT,3,3,Culinaria Rondonopolis,NEUTRO,BOLO DE MILHO VERDE DA ROCA,https://youtu.be/BfPkEN901ss?si=sP_RBEgTF7lTdBIN
P4,4,NEXT,4,4,Cozinha Art,NEUTRO,BOLINHOS DE CARNE,https://youtu.be/TibSeUaqNFY?si=WE-vae6ZjOWaDQhc
P4,4,NEXT,5,5,Socorro Martins,NEUTRO,Quibebe de abobora com creme de leite,https://youtu.be/wXVSPQs3b-k?si=zN368S0OtQZBvaX-
P4,4,NEXT,6,6,Receitas da Nessa,NEUTRO,Bomba de Presunto e Queijo que Esta Bombando na Internet!,https://youtu.be/1BGu9cNhiYQ?si=0ImqOzyLI5gzu0_-
P4,4,NEXT,7,7,Receitas Faceis do Dia a Dia e Receitas Agora,NEUTRO,MELHOR QUE LASANHA. SURPREENDA A TODOS NO ALMOÇO DE DOMINGO.,https://youtu.be/SbzeYPrxf_0?si=xpSZbiBaTBsdtuQ3
P4,4,NEXT,8,8,Aquela Receita,NEUTRO,Como Fazer uma Sobremesa de Goiabada!,https://youtu.be/uo1Fd_omNgc?si=YzjHlhvvFAuz6Qmu
P4,4,NEXT,9,9,Hausgemachte Rezepte Fix,NEUTRO,Esta deliciosa receita aprendi em um restaurante caro! ,https://youtu.be/HLHRKGAJQ_0?si=dPZcsujBYyCWBu4I
P4,4,NEXT,10,10,Tv Churrasco,NEUTRO,Como Fazer Coracao de Frango na Frigideira - Tv Churrasco,https://youtu.be/vr1LyQMQ2QU?si=mtRX7HdQ8NO1-H-R
P4,5,HOME,1,1,Drauzio Varella,NEUTRO,A importancia de ter hobbies e fazer trabalhos manuais,https://youtu.be/8P-zRYfbmYQ?si=axYr17yowrLjuorD
P4,5,HOME,1,2,SBT News,NEUTRO,Flavio Bolsonaro anuncia PEC para acabar com reeleicao presidencial,https://youtu.be/DOVEYrqQ7Ys?si=pR1BTvFb9owSbOHQ
P4,5,HOME,2,3,Tuk,NEUTRO,"NFC, 120Hz, POTENTE, 5G, 990 reais!",https://youtu.be/90sRRqxV_kI?si=BCqWIBTBzR2pJCSs
P4,5,HOME,2,4,Jornalismo TV Cultura,NEUTRO,Jovens buscam atividades analogicas para driblar vida “on-line”,https://youtu.be/cvgBGyOKiEE?si=1IEGvhibgAu90RZ8
P4,5,HOME,3,5,top cozinha,NEUTRO,DEPOIS QUE FIZ FRANGO DESSA FORMA NUNCA MAIS PAREI DE FAZER!!!,https://youtu.be/bNoAfSLIMRw?si=XSxnK-FhIa4iMK6y
P4,5,HOME,3,6,Amer Nour,NEUTRO,NUOVI SAMSUNG GALAXY S26 ULTRA,https://youtu.be/ligqScZijh0?si=EXuZ5zZATr-J8Cek
P4,5,HOME,4,7,Fala Brasil,NEUTRO,Rabdomiolise: entenda a doenca da urina preta provocada por excesso de exercicios físicos,https://youtu.be/Uel-uE-olso?si=lAcpU_wcqPQnnQpU
P4,5,HOME,5,8,Leicht & lecker,NEUTRO,É tao delicioso que voce vai querer fazer todos os dias!,https://youtu.be/sB2CumMPBCw?si=y2PwUER90imECTJb
P4,5,HOME,5,9,Domingo Espetacular,NEUTRO,Excesso de telas afeta cerebro infantil e amplia vicios digitais no Brasil,https://youtu.be/zWHqX27R-PI?si=PwsW7DCSMbPEx9Z8
P4,5,HOME,6,10,g1,NEUTRO,JN: STF condena irmaos Brazao a 76 anos de prisao pelo assassinato de Marielle e Anderson,https://youtu.be/DPk4FE5xYwc?si=tS-H8oxkzMCaCpY2
P4,5,HOME,6,11,Hora de Review,NEUTRO,Notebook BOM e BARATO para ESTUDAR (Asus Vivobook Go 15 vs Lenovo Ideapad 1),https://youtu.be/u70y48OrhNA?si=MGN5nhC6Ar3Ze6vg
P4,5,HOME,7,12,CNN Brasil,NEUTRO,Chuvas em MG: Familias buscam reconstruir vidas em cidades atingidas por temporais,https://youtu.be/IjusB2mb4cU?si=0207MwQV44wca515
P4,5,HOME,7,13,Jornal da Record,NEUTRO,Fim da Escala 6x1,https://youtu.be/fbVtBthgiO8?si=Q4RDgW6Nntp-Y2o5
P4,5,HOME,8,14,Dr. Giorelli,NEUTRO,BCAA - bom ou ruim?,https://youtu.be/2W47socxdtQ?si=ncy3DrSZ_hIpUk2p
P4,5,HOME,9,15,Seu Personal Gabriel,NEUTRO,"QUAL AEROBICO QUE EMAGRECE MAIS? ESTEIRA, BICICLETA OU TRANSPORT?",https://youtu.be/WVYK6cTArRA?si=fmmVOaW56I9Wpo8L
P4,5,HOME,10,16,Claudia Oliveira Receitas,NEUTRO,A MELHOR CARNE DE PANELA COM LEGUMES,https://youtu.be/4mM3udEBl-8?si=FnTvcL4YqA3OMrQH
P4,5,HOME,10,17,CNN Brasil Money,NEUTRO,Por Lucinda Pinto: Mercado de credito da sinais de preocupacao |,https://youtu.be/eFIERierPw4?si=u6DD5TIfSqxFkhF1
P4,5,HOME,4,18,Drauzio Varella,NEUTRO,Como o cancer de mama e formado?,https://youtu.be/Vu0b1p4FDXM?si=OQsYD0xbospkDxT_
P4,5,HOME,8,19,SBT News,NEUTRO,Cuba afirma ter matado 4 ocupantes de lancha com registro dos EUA,https://youtu.be/K59n_JwZq_k?si=nLtpKkQPZWw9d540
P4,5,HOME,9,20,Tuk,NEUTRO,ATUALIZOU! iOS 26.3 ERA O QUE MEU ANDROID QUERIA e BATERIA!,https://youtu.be/xzMglTB8nfI?si=1UGQlzzGYTwUuXT3
